,Unnamed: 0,äœë™èä,1,2,3,4,5,6,7,8,9,10,11,12,à‹ìx,åoìx,cluster
0,0,óÁï∂,-4.3,-3.0,-0.1,4.7,9.2,11.5,17.8,18.9,16.7,9.8,2.2,-3.6,45.305,141.045,2
1,1,ítì‡,-4.3,-3.0,-0.4,5.3,9.8,12.0,18.4,18.6,16.9,9.9,2.5,-3.0,45.415,141.6783,2
2,2,è@íJñ¶,-4.6,-3.3,-0.7,4.7,9.2,11.1,17.7,17.7,16.1,9.5,2.3,-2.8,45.52,141.935,2
3,3,è¿êÏ,-7.5,-5.1,-2.1,4.4,9.8,11.7,18.4,17.6,14.2,7.3,1.0,-5.1,45.2483,141.8517,18
4,4,ïlãSéuï ,-6.2,-4.7,-1.8,4.2,9.5,10.9,17.9,17.2,14.6,7.9,1.1,-4.6,45.335,142.17,18
5,5,ñLïx,-6.6,-4.7,-1.8,4.7,10.2,12.1,18.6,18.2,15.0,8.0,1.5,-4.5,45.1067,141.765,18
6,6,ïlì⁄ï ,-6.5,-5.0,-1.9,4.8,10.6,11.7,19.0,17.6,15.1,8.3,1.4,-4.8,45.125,142.35,18
7,7,íÜì⁄ï ,-8.7,-6.4,-2.8,4.6,11.5,12.8,19.9,17.9,13.9,7.0,1.2,-5.8,44.965,142.28,5
8,8,ñkå©é}çK,-5.7,-4.3,-1.2,5.1,10.9,11.5,19.3,17.9,15.8,8.9,2.1,-4.0,44.94,142.585,18
9,9,âÃìo,-9.0,-6.6,-2.5,4.3,11.3,12.5,19.8,17.7,13.9,7.1,1.3,-5.9,44.84,142.48,5
10,10,ìVâñ,-5.0,-3.7,-1.3,5.2,10.9,12.5,19.3,19.1,15.7,8.7,2.8,-2.3,44.8933,141.7617,13
11,11,âìï ,-6.0,-4.0,-1.2,5.5,11.8,13.2,20.0,19.5,15.5,8.9,3.0,-3.1,44.7183,141.8067,13
12,12,èâéRï ,-5.2,-3.2,-0.6,5.9,11.8,13.2,19.9,19.5,15.5,9.4,3.3,-2.5,44.5233,141.77,13
13,13,èƒêK,-3.4,-2.1,0.9,5.9,11.2,13.1,19.4,20.6,17.6,11.1,3.8,-2.0,44.4283,141.4217,13
14,14,âHñy,-5.3,-3.0,0.0,6.3,12.3,13.9,20.5,20.4,16.4,10.0,3.6,-2.3,44.3633,141.7,13
15,15,íBïz,-7.6,-5.2,-1.4,5.1,12.1,14.1,20.9,19.9,14.6,8.1,2.3,-4.0,44.0483,141.8567,6
16,16,óØñG,-5.3,-3.0,0.3,6.1,12.0,14.0,20.5,20.3,16.1,10.1,3.6,-2.2,43.945,141.6317,13
17,17,ëùñ—,-4.0,-2.2,0.6,7.0,12.4,14.0,20.6,20.3,16.4,10.6,4.2,-1.7,43.8483,141.51,13
18,18,ñyçf,-8.5,-5.4,-1.6,4.9,12.0,14.1,20.5,19.5,14.3,8.0,1.9,-4.3,43.8533,141.76,6
19,19,âπà–éqï{,-8.3,-6.0,-2.1,4.6,11.6,13.2,20.3,18.2,14.3,7.4,1.4,-5.2,44.7267,142.265,5
20,20,î¸ê[,-9.3,-6.5,-2.6,4.5,11.8,13.8,20.7,18.7,14.1,7.2,1.1,-5.8,44.48,142.3417,5
21,21,ñºäÒ,-8.9,-6.3,-2.7,4.7,12.0,13.9,20.7,18.6,14.0,7.1,1.2,-5.6,44.37,142.4567,5
22,22,éÈãfì‡,-10.3,-7.4,-3.9,2.7,10.1,12.3,19.2,17.6,12.5,5.8,-0.1,-6.4,44.2817,142.1617,5
23,23,émï ,-8.8,-6.2,-2.6,5.4,12.5,14.3,21.4,19.2,14.8,7.7,1.5,-5.5,44.1867,142.4167,6
24,24,í©ì˙,-8.5,-6.2,-2.7,4.8,12.4,14.2,21.4,19.1,14.2,7.3,1.2,-5.6,44.1183,142.595,5
25,25,òaä¶,-9.0,-6.0,-2.7,5.4,12.8,14.5,21.7,19.4,14.8,7.9,1.5,-5.3,44.0283,142.41,6
26,26,î‰ïz,-8.8,-6.1,-2.3,5.4,13.2,15.2,22.1,19.8,14.7,7.9,1.3,-5.4,43.875,142.48,6
27,27,éuî‰ì‡,-8.8,-6.5,-3.0,4.6,12.7,14.3,21.5,19.1,14.2,7.1,1.0,-5.8,43.6433,142.5817,5
28,28,ìåêÏ,-8.6,-5.9,-2.2,5.8,13.7,15.3,22.6,20.0,15.1,8.0,1.9,-5.1,43.7017,142.5083,6
29,29,àÆêÏ,-7.9,-5.1,-1.2,6.1,13.8,15.3,22.6,20.3,15.4,8.3,2.1,-4.7,43.7567,142.3717,6
30,30,è„ïxó«ñÏ,-8.8,-6.0,-2.2,5.9,13.7,15.5,22.8,20.4,15.3,8.1,1.6,-5.4,43.455,142.465,6
31,31,ïxó«ñÏ,-9.6,-6.3,-2.0,5.8,13.5,15.3,22.3,20.0,15.0,8.1,1.6,-5.6,43.3333,142.4,6
32,32,äÙì–,-9.8,-6.4,-2.8,4.4,12.0,14.0,21.3,18.2,13.9,6.9,1.0,-5.4,43.1683,142.5683,5
33,33,óYïê,-6.1,-4.7,-1.7,4.9,11.3,11.6,19.2,18.1,15.2,8.5,2.3,-4.1,44.58,142.9633,18
34,34,ãªïî,-6.5,-5.0,-2.0,4.9,11.3,11.9,19.3,17.9,14.7,8.0,2.1,-4.5,44.47,143.1083,18
35,35,êºãªïî,-8.2,-5.9,-2.4,4.7,11.7,12.8,20.1,17.5,13.8,7.1,1.4,-5.2,44.3317,142.9367,5
36,36,ëÍè„,-8.7,-6.3,-3.0,4.7,12.1,12.9,20.4,17.5,13.4,6.9,1.0,-5.9,44.1767,143.06,5
37,37,ñ‰ï ,-5.3,-4.0,-1.3,5.6,11.3,12.1,19.4,18.3,16.0,9.2,2.6,-3.3,44.345,143.355,18
38,38,âìåy,-8.1,-6.3,-2.1,5.3,12.2,13.3,20.7,18.3,14.6,7.6,1.1,-6.3,44.0533,143.54,5
39,39,îíëÍ,-8.8,-6.8,-3.7,3.6,12.1,14.1,21.5,17.0,12.9,6.4,-0.1,-6.0,43.865,143.1533,5
40,40,óØï”ÂA,-9.4,-7.2,-3.2,4.3,11.6,13.3,20.4,17.6,13.5,6.7,-0.3,-7.5,43.7417,143.45,5
41,41,ã´ñÏ,-9.3,-7.1,-2.7,5.0,12.1,13.6,20.9,18.3,14.4,7.3,0.5,-7.3,43.7067,143.6433,5
42,42,ñkå©,-9.2,-6.8,-2.3,5.3,12.3,14.0,21.2,18.7,14.9,7.7,1.1,-7.6,43.81,143.875,5
43,43,ç≤òCä‘,-8.0,-6.4,-2.5,4.9,11.6,12.9,20.2,18.2,14.7,8.0,1.0,-6.2,43.985,143.7233,5
44,44,èÌòC,-6.7,-5.5,-2.4,5.0,11.3,12.7,20.0,18.4,15.7,8.9,2.4,-4.9,44.115,144.0367,18
45,45,ñ‘ëñ,-5.2,-4.3,-1.5,5.3,11.1,12.4,19.8,18.4,16.3,9.5,3.3,-3.1,44.0167,144.2783,18
46,46,î¸ñy,-8.6,-6.2,-2.7,5.0,11.6,13.4,20.5,18.4,15.0,7.7,1.7,-6.3,43.77,144.1717,5
47,47,í√ï ,-8.8,-6.0,-2.2,5.4,12.1,13.8,21.0,18.5,15.0,7.7,1.8,-6.2,43.7017,144.0333,6
48,48,è¨ê¥êÖ,-6.7,-5.2,-2.4,5.1,11.4,13.1,20.3,18.4,15.5,8.6,2.6,-4.3,43.8417,144.485,18
49,49,éŒó¢,-7.4,-5.6,-3.0,4.4,10.7,12.5,19.8,17.9,15.2,8.5,2.6,-4.6,43.8833,144.7,18
50,50,âFìoòC,-5.8,-4.8,-2.6,4.7,11.4,12.8,19.8,17.4,15.2,9.0,3.5,-2.8,44.0517,144.9817,18
51,51,êŒéÎè¿ìc,-8.4,-5.8,-2.0,5.1,12.4,14.3,20.8,19.6,14.5,7.9,1.5,-5.1,43.815,141.9267,6
52,52,ê[êÏ,-8.5,-5.7,-1.8,5.7,12.9,14.7,21.4,19.8,14.9,8.3,1.9,-5.0,43.7183,142.0733,6
53,53,ãÛímãgñÏ,-8.1,-5.4,-1.7,5.0,12.6,14.6,21.4,19.3,14.4,8.0,1.5,-5.1,43.595,141.7317,6
54,54,ëÍêÏ,-7.7,-5.2,-1.4,6.0,12.9,14.9,21.5,19.9,15.4,8.6,2.1,-4.6,43.57,141.9383,6
55,55,à∞ï ,-7.5,-4.9,-1.1,5.9,13.3,15.1,22.2,20.3,15.2,8.2,2.0,-4.7,43.5167,142.19,6
56,56,î¸âS,-7.5,-5.5,-1.4,6.4,13.0,15.2,22.2,20.2,15.8,9.0,2.4,-4.8,43.3633,141.8267,6
57,57,åéå`,-6.5,-4.5,-0.9,5.8,12.4,14.8,21.5,19.8,15.7,8.9,2.5,-4.0,43.33,141.6183,6
58,58,ä‚å©ëÚ,-6.1,-3.9,-0.1,6.9,13.4,15.3,22.3,20.3,16.5,9.7,3.4,-3.5,43.2117,141.785,13
59,59,ó[í£,-6.9,-5.1,-1.4,5.1,12.1,14.2,20.8,18.4,14.8,8.0,1.5,-5.0,43.0383,141.9567,6
60,60,í∑è¿,-7.3,-4.5,-0.7,6.3,12.5,14.7,21.5,19.9,16.4,9.5,3.1,-4.2,43.0117,141.6933,6
61,61,ã§òa,-3.6,-2.3,0.7,7.1,12.9,14.9,21.3,20.8,16.2,10.3,4.1,-2.0,42.98,140.6033,13
62,62,éıìs,-2.1,-1.3,1.7,7.1,12.5,14.6,20.9,20.1,17.2,11.4,4.4,-1.4,42.795,140.2233,12
63,63,çïèºì‡,-4.3,-3.2,0.2,5.8,11.8,14.2,20.6,19.1,15.3,9.2,2.4,-3.2,42.6633,140.31,13
64,64,ê^éÎ,-6.4,-5.2,-2.0,4.1,11.3,13.3,19.8,17.8,14.1,8.0,0.8,-5.3,42.775,140.88,18
65,65,äÏñŒï ,-7.7,-6.0,-2.3,4.3,11.5,13.6,20.2,18.5,13.4,7.2,0.5,-5.8,42.7933,140.9483,5
66,66,ã‰ímà¿,-5.5,-4.3,-1.0,5.6,12.2,14.3,20.9,19.5,15.0,8.7,2.0,-4.2,42.9,140.7567,6
67,67,è¨íM,-3.4,-2.2,1.1,7.3,13.4,14.9,21.5,21.0,17.3,10.8,4.0,-2.2,43.1817,141.0167,12
68,68,ó]és,-3.9,-2.8,0.3,7.0,13.6,14.5,21.4,20.3,16.0,9.9,3.3,-3.1,43.1817,140.7583,13
69,69,ïlâv,-4.4,-2.5,0.4,6.5,12.4,15.1,20.8,20.5,16.3,10.7,4.1,-1.7,43.5817,141.3867,13
70,70,å˙ìc,-5.0,-2.9,0.1,6.2,12.2,14.7,20.8,20.0,15.8,10.0,3.5,-2.3,43.3983,141.4367,13
71,71,êŒéÎ,-5.7,-3.2,0.4,6.5,12.6,14.7,21.0,20.1,16.3,10.2,3.6,-2.9,43.1933,141.37,13
72,72,éRå˚,-4.5,-2.5,0.9,7.2,13.2,14.9,21.3,21.0,16.7,10.6,3.7,-2.5,43.1467,141.2217,13
73,73,éDñy,-3.9,-2.0,1.4,7.7,14.4,16.0,22.9,21.7,17.7,11.3,4.3,-2.0,43.06,141.3283,12
74,74,ç]ï ,-7.2,-4.6,-0.7,6.2,12.4,14.7,21.3,20.0,16.1,9.3,3.0,-4.2,43.11,141.6017,6
75,75,êVé¬í√,-7.1,-4.8,-0.9,6.2,12.5,14.8,21.4,19.8,15.8,9.2,2.6,-4.5,43.22,141.645,6
76,76,åbíÎìáèº,-6.9,-4.4,-0.8,5.7,12.1,14.4,21.0,19.5,15.9,9.0,2.6,-4.8,42.925,141.565,6
77,77,éx‚îåŒî»,-5.3,-3.9,-0.7,4.8,11.2,13.5,20.4,18.4,15.4,9.1,2.6,-3.4,42.7717,141.4067,13
78,78,êÁçŒ,-6.7,-4.4,-0.4,6.0,11.9,14.4,20.9,19.4,16.2,9.2,3.1,-4.3,42.775,141.6917,6
79,79,ì˙çÇ,-8.5,-5.7,-2.1,4.6,12.3,14.7,21.8,18.9,14.7,7.4,1.5,-5.5,42.8767,142.4417,6
80,80,ì˙çÇñÂï ,-4.6,-3.0,0.2,5.4,10.7,13.6,20.1,19.0,16.4,9.9,4.3,-2.5,42.5217,142.0367,13
81,81,êVòa,-6.5,-4.5,-0.8,5.3,12.0,14.7,21.6,19.3,15.6,8.3,2.3,-5.7,42.5433,142.3333,6
82,82,ê√ì‡,-3.5,-2.2,0.7,5.9,10.7,13.8,20.3,19.1,16.6,10.4,4.8,-1.7,42.3433,142.3617,13
83,83,éOêŒ,-5.4,-3.3,-0.5,5.2,10.2,13.4,19.8,18.6,15.6,9.1,3.9,-2.4,42.245,142.6617,13
84,84,âYâÕ,-2.6,-1.5,0.5,5.5,10.1,13.2,19.1,18.5,16.6,11.2,5.5,-0.6,42.1617,142.7767,2
85,85,íÜãnâP,-7.1,-4.9,-1.4,5.1,11.6,13.9,20.5,18.4,15.1,8.1,2.6,-3.8,42.2233,142.9483,6
86,86,Ç¶ÇËÇ‡ñ¶,-2.2,-1.6,-0.1,3.5,7.3,10.6,15.9,17.0,16.2,11.3,6.5,0.5,41.925,143.2433,2
87,87,Ç Ç©Ç—ÇÁåπêÚãΩ,-11.7,-8.3,-4.2,3.0,10.8,12.9,19.5,16.5,12.2,5.4,-0.7,-7.5,43.3667,143.1917,5
88,88,é≠í«,-7.8,-5.2,-1.5,5.6,13.3,14.4,21.8,18.4,15.4,8.7,2.0,-4.5,43.1033,142.995,6
89,89,ñ{ï ,-10.6,-6.7,-1.1,5.9,13.1,14.2,21.4,18.8,15.3,8.2,1.7,-6.6,43.1317,143.6,6
90,90,ó§ï ,-11.6,-7.8,-2.5,4.6,11.7,13.4,20.5,18.1,13.8,6.5,-0.1,-8.4,43.4683,143.7383,5
91,91,írìc,-9.5,-5.7,-1.0,5.4,12.3,13.3,20.7,18.3,15.3,8.4,1.7,-5.9,42.92,143.4583,6
92,92,ë—çL,-8.6,-4.7,0.1,6.6,13.8,14.7,22.0,19.2,16.3,9.5,2.4,-4.8,42.9217,143.2117,6
93,93,âËé∫,-10.6,-6.3,-1.5,5.7,13.0,14.4,21.5,18.6,15.4,8.4,1.3,-5.9,42.9,143.0433,6
94,94,ë—çLêÚ,-10.3,-6.7,-1.7,5.4,12.5,13.6,20.9,17.8,15.2,8.1,1.1,-7.2,42.7333,143.2167,5
95,95,ëÂé˜,-9.3,-6.7,-2.4,5.1,11.7,12.6,19.8,17.5,15.1,8.1,2.3,-6.6,42.5,143.275,5
96,96,ëÂí√,-8.5,-4.9,-1.0,4.3,10.0,11.1,18.1,17.8,15.5,9.0,2.8,-5.3,42.685,143.6467,18
97,97,âYñy,-8.5,-5.0,-0.7,5.4,12.0,13.2,20.5,18.3,15.8,9.1,2.5,-5.2,42.8083,143.6567,6
98,98,çLîˆ,-5.1,-3.2,-0.1,5.5,11.5,11.6,19.2,17.8,16.3,10.2,5.3,-1.7,42.2933,143.315,2
99,99,óÖâP,-4.7,-3.6,-1.9,3.0,9.0,11.0,17.5,16.9,14.9,9.0,3.3,-2.1,44.0233,145.1867,2
100,100,ïWí√,-6.5,-4.0,-1.9,3.7,8.7,11.1,17.3,17.1,15.5,9.1,3.3,-3.6,43.6617,145.1317,2
101,101,íÜïWí√,-7.8,-4.9,-2.3,4.1,10.3,12.1,19.1,17.1,15.0,8.4,2.8,-4.8,43.5433,144.9783,18
102,102,è„ïWí√,-7.1,-5.3,-2.7,3.6,10.5,12.0,19.4,16.8,14.4,7.9,2.3,-4.7,43.52,144.7467,18
103,103,ï äC,-8.5,-5.2,-2.3,4.1,10.0,11.7,18.8,17.0,14.6,8.1,2.6,-5.0,43.3817,145.1183,18
104,104,å˙è∞,-7.3,-4.9,-2.5,3.4,8.6,10.6,17.5,16.7,14.5,8.3,3.5,-3.6,43.2317,145.2583,18
105,105,ç™é∫,-4.2,-3.1,-1.4,3.7,8.8,10.3,17.3,16.8,15.6,10.4,5.4,-1.1,43.33,145.585,2
106,106,î[çπïz,-3.6,-2.8,-1.4,3.2,7.6,9.7,16.3,16.5,15.5,10.7,5.5,-0.6,43.3933,145.7583,2
107,107,êÏìí,-9.5,-6.5,-3.5,3.1,10.2,11.8,19.3,17.1,13.8,6.6,0.8,-7.1,43.6167,144.4567,5
108,108,íÌéqã¸,-7.9,-6.0,-2.9,3.3,10.3,11.6,19.2,16.9,14.1,7.3,1.6,-5.6,43.51,144.4667,18
109,109,à¢ä¶åŒî»,-10.4,-7.7,-4.4,2.8,10.4,12.4,20.0,17.0,13.0,6.0,0.6,-7.0,43.4367,144.085,5
110,110,íﬂãè,-7.8,-5.1,-1.4,4.2,10.8,12.5,19.5,17.8,14.9,8.1,2.3,-5.0,43.2317,144.325,18
111,111,ïWíÉ,-9.3,-6.0,-2.0,3.8,10.1,12.1,19.1,17.4,14.3,7.4,1.6,-6.2,43.2917,144.5867,5
112,112,ëæìc,-6.7,-4.7,-1.9,3.8,9.7,11.1,18.2,17.1,14.8,8.7,3.6,-3.2,43.09,144.7783,18
113,113,çÂí¨,-6.5,-4.4,-1.8,3.5,8.4,10.7,16.6,17.2,15.3,9.3,4.2,-2.5,43.12,145.11,2
114,114,ímï˚äw,-5.0,-4.0,-1.8,2.8,8.7,9.9,17.1,16.1,14.8,9.3,4.4,-1.9,42.9383,144.735,2
115,115,ã˙òH,-5.8,-3.6,-0.4,4.1,9.8,11.5,18.2,18.0,15.9,9.8,4.7,-1.9,42.985,144.3767,2
116,116,îíçf,-7.3,-5.1,-1.6,3.3,9.1,11.1,17.5,17.3,14.6,8.5,2.8,-3.8,42.97,144.0617,18
117,117,íÜìOï ,-8.2,-5.7,-1.7,4.4,11.4,13.1,20.1,17.9,14.5,7.8,2.1,-5.5,43.1983,144.1417,5
118,118,íﬂãu,-6.3,-4.3,-1.5,3.8,10.0,11.3,18.3,17.2,14.9,9.1,3.6,-3.0,43.04,144.1917,18
119,119,ëÂëÍ,-7.4,-5.8,-2.2,3.8,10.6,13.4,19.8,17.8,13.3,7.1,0.4,-5.7,42.67,141.0783,5
120,120,ëÂä›,-4.3,-2.9,0.2,5.6,11.0,14.1,20.8,19.5,15.8,9.6,3.1,-3.1,42.59,140.6433,13
121,121,à…íB,-3.0,-1.7,1.2,6.3,11.8,14.9,21.4,20.0,16.9,10.7,4.6,-1.7,42.4733,140.8767,12
122,122,é∫óñ,-1.6,-0.8,1.9,6.6,11.8,14.3,21.0,19.3,17.5,11.8,5.6,-0.5,42.3117,140.975,12
123,123,ìoï ,-4.3,-3.2,-0.2,5.3,11.4,13.5,20.4,18.1,15.7,9.6,3.1,-3.2,42.4583,141.1183,13
124,124,êXñÏ,-4.8,-3.7,-0.3,4.7,11.3,13.8,20.3,18.2,15.2,8.8,2.4,-3.6,42.63,141.2467,13
125,125,ìœè¨ñq,-4.0,-2.5,0.9,5.3,10.7,13.8,20.4,19.6,16.8,10.3,4.3,-2.1,42.6233,141.5467,13
126,126,å˙ê^,-7.4,-4.8,-1.2,5.7,11.8,14.5,21.2,19.2,15.7,9.0,2.9,-4.6,42.73,141.8883,6
127,127,ï‰ï ,-8.5,-5.5,-1.6,5.5,12.1,14.9,21.4,19.1,15.0,8.1,2.0,-5.6,42.7617,142.1433,6
128,128,ÇπÇΩÇ»,-1.7,-0.7,1.9,7.0,12.3,14.5,21.3,20.7,17.4,11.9,5.3,-0.8,42.45,139.8517,12
129,129,ç°ã‡,-3.8,-2.1,0.4,6.3,11.9,14.5,21.1,19.9,16.0,9.9,3.7,-2.5,42.4283,140.0083,13
130,130,âúêK,-0.1,0.4,3.5,8.1,12.4,14.5,21.4,22.1,19.2,13.8,6.8,0.8,42.2483,139.5567,9
131,131,ÍG,-3.9,-2.1,0.1,6.7,12.0,14.5,21.0,19.7,15.9,9.5,4.0,-2.3,41.93,140.3117,13
132,132,ç]ç∑,-0.5,0.5,2.9,8.3,13.1,15.2,21.9,21.6,18.8,12.7,7.0,0.6,41.8667,140.1233,9
133,133,í∑ñúïî,-4.1,-2.7,0.4,5.6,10.8,13.9,20.6,19.3,16.1,9.9,3.1,-3.3,42.5233,140.3817,13
134,134,î™â_,-3.1,-1.9,1.1,6.6,12.0,14.7,21.5,19.7,16.6,10.4,3.7,-2.5,42.2517,140.2717,13
135,135,åFêŒ,-1.7,-0.8,2.0,7.4,12.3,14.6,20.9,21.1,17.8,11.7,5.4,-0.9,42.1283,139.985,12
136,136,êX,-3.3,-2.4,0.5,6.8,12.3,14.5,21.4,19.4,16.6,10.4,4.1,-2.8,42.0667,140.5883,13
137,137,ñkìl,-2.9,-2.0,0.9,7.4,12.9,15.4,22.0,20.0,17.3,11.0,4.3,-2.3,41.8867,140.6533,12
138,138,îüäŸ,-1.9,-1.0,2.0,8.2,13.4,15.8,22.5,20.3,18.1,11.8,5.2,-1.4,41.8167,140.7533,12
139,139,çÇèº,-1.9,-1.3,1.7,7.2,11.8,14.5,20.8,19.5,17.6,11.4,5.1,-1.7,41.77,140.8217,12
140,140,êÏãÇ,-1.7,-1.1,1.6,7.2,12.0,14.2,21.2,19.3,17.2,11.5,5.1,-1.3,41.905,140.97,12
141,141,ñÿå√ì‡,-1.9,-1.0,1.7,7.5,12.6,14.8,21.5,19.9,17.5,11.2,4.6,-1.2,41.6867,140.445,12
142,142,èºëO,-0.3,0.3,3.1,8.5,13.3,15.5,22.3,21.2,19.0,13.1,7.2,0.9,41.4233,140.0867,9
143,143,êËä•,-11.2,-7.2,-3.5,3.5,11.2,13.8,20.9,18.3,13.7,6.2,0.0,-6.9,42.9783,142.395,5
144,144,ëÂä‘,0.3,0.8,3.2,8.5,12.7,15.0,21.3,19.9,18.8,13.1,7.1,1.3,41.5267,140.9117,9
145,145,ÇﬁÇ¬,-0.8,-0.3,2.1,8.7,13.6,15.7,22.4,19.7,18.0,11.8,6.3,0.2,41.2833,141.21,9
146,146,è¨ìcñÏëÚ,-0.4,-0.1,2.5,8.2,12.5,14.6,21.5,19.4,18.2,12.2,6.1,0.4,41.235,141.3967,9
147,147,òeñÏëÚ,-0.2,0.0,2.4,8.3,13.0,15.2,22.2,19.7,18.1,12.4,6.5,0.4,41.145,140.8217,9
148,148,äIìc,-0.8,-0.4,1.8,8.1,13.0,15.4,22.4,20.2,17.8,11.4,5.5,-0.3,41.045,140.6333,9
149,149,ç°ï ,-0.4,-0.1,2.2,8.7,13.5,15.1,22.2,20.2,18.0,12.0,6.1,0.1,41.18,140.4817,9
150,150,ésâY,-0.2,0.4,2.8,8.6,13.3,15.7,22.7,20.9,18.5,12.6,6.9,0.9,41.0567,140.3467,9
151,151,ÈÀÉPëÚ,0.2,0.5,3.0,9.2,13.9,15.9,22.8,21.3,18.6,12.7,7.3,1.2,40.7767,140.205,9
152,152,ê[âY,0.3,0.6,3.1,8.9,14.9,15.7,22.8,22.8,18.7,12.8,7.6,1.4,40.645,139.9317,9
153,153,çOëO,-1.2,-0.5,2.2,9.5,15.6,17.2,24.0,22.1,18.5,12.1,6.1,-0.2,40.6117,140.455,1
154,154,å‹èäêÏå¥,-0.8,-0.2,2.3,9.6,15.1,17.0,23.8,21.9,18.6,12.3,6.4,0.2,40.8083,140.4583,1
155,155,çïêŒ,-2.0,-1.1,1.0,9.0,15.2,16.7,23.4,21.3,17.8,11.5,5.9,-0.6,40.6667,140.585,12
156,156,ê¬êX,-0.4,0.2,2.6,9.7,15.1,16.9,24.0,22.0,19.1,12.7,6.6,0.2,40.8217,140.7683,1
157,157,ñÏï”ín,-0.1,0.1,2.4,8.5,12.9,15.4,21.9,19.5,17.9,12.4,6.3,0.5,40.885,141.16,9
158,158,òZÉPèä,-1.3,-0.6,1.6,8.3,12.8,15.1,21.8,19.0,17.5,11.7,5.5,-0.5,40.885,141.2717,12
159,159,éOëÚ,-0.9,-0.2,2.6,9.4,13.9,15.9,22.7,19.8,18.3,12.4,6.4,0.3,40.675,141.375,9
160,160,î™åÀ,-0.5,0.4,3.0,10.0,14.3,16.4,23.2,20.3,18.6,12.5,6.9,0.9,40.5267,141.5217,9
161,161,éOåÀ,-1.9,-0.5,1.8,9.3,14.8,16.9,23.4,20.6,17.6,11.2,5.6,-0.4,40.3833,141.2567,12
162,162,ãxâÆ,-3.4,-2.8,-0.5,5.7,12.7,14.4,21.4,19.1,15.9,9.7,3.9,-2.2,40.4267,140.8983,13
163,163,íÙÉPä÷,-3.4,-2.5,0.0,6.8,14.4,15.9,22.5,20.7,16.4,10.2,4.2,-2.0,40.4817,140.62,12
164,164,é_ÉPìí,-7.2,-6.4,-3.8,3.1,10.3,12.3,19.2,17.0,12.9,7.1,0.2,-5.8,40.6483,140.8483,5
165,165,î™êX,0.9,1.2,3.7,9.2,14.9,16.1,23.0,23.4,19.6,13.8,8.9,2.1,40.3883,139.9817,15
166,166,ëÈëÉ,-1.2,-0.4,2.0,8.8,15.2,17.0,23.9,22.9,18.0,11.8,5.9,-0.1,40.2267,140.3717,1
167,167,î\ë„,0.3,0.9,3.4,9.5,15.4,16.9,24.2,23.6,19.2,13.1,7.8,1.5,40.1983,140.0317,15
168,168,ëÂäŸ,-2.0,-1.0,1.4,8.7,15.3,17.2,24.1,22.7,17.9,11.4,5.3,-0.8,40.2517,140.505,1
169,169,é≠äp,-3.0,-1.9,0.3,7.7,14.4,16.5,22.9,21.4,16.8,10.4,4.2,-1.8,40.215,140.7867,12
170,170,ìíê£,-2.2,-1.3,0.7,7.3,14.3,16.2,22.5,21.1,16.5,10.6,4.3,-1.3,40.12,140.84,12
171,171,î™î¶ïΩ,-4.3,-3.5,-1.2,5.3,12.9,14.0,20.5,18.8,14.8,8.8,2.7,-3.1,40.0133,140.8017,13
172,172,à¢êmçá,-1.7,-1.2,1.0,7.4,14.5,16.0,22.8,22.2,17.1,11.0,5.1,-0.7,39.9933,140.4033,12
173,173,å‹èÈñ⁄,-0.4,0.2,2.5,9.3,15.3,17.0,23.8,23.6,18.8,12.7,7.3,0.9,39.9383,140.115,1
174,174,ëÂäÉ,0.6,1.0,3.8,9.5,15.6,17.1,24.3,23.8,19.3,13.5,8.3,2.0,40.0,139.95,15
175,175,íjé≠,0.2,0.7,3.0,8.9,15.0,16.3,23.1,22.9,18.7,12.8,7.7,1.4,39.9117,139.9,9
176,176,èHìc,0.6,1.3,3.9,10.0,16.1,17.6,24.6,24.9,20.1,14.0,7.9,1.6,39.7167,140.0983,15
177,177,ä‚å©éOì‡,-1.0,-0.5,1.7,8.4,14.8,16.5,23.2,23.5,18.1,12.3,5.9,0.2,39.7067,140.2867,1
178,178,ìcëÚåŒ,-2.3,-1.6,0.8,7.3,14.4,16.4,22.9,22.5,17.3,11.7,4.6,-1.2,39.6983,140.7317,12
179,179,äpäŸ,-1.2,-0.6,1.7,8.8,15.5,17.1,23.7,23.7,18.3,12.4,5.3,-0.4,39.6033,140.5567,1
180,180,ëÂã»,-1.2,-0.5,1.7,9.2,15.8,17.5,24.2,24.1,18.8,12.8,5.4,-0.3,39.49,140.495,1
181,181,ëÂê≥éõ,-0.8,-0.1,1.9,8.5,14.8,16.3,23.1,23.1,17.9,12.1,5.4,0.0,39.5267,140.2333,1
182,182,â°éË,-0.7,-0.2,2.1,9.4,16.1,17.8,24.6,24.4,19.5,13.2,6.0,0.0,39.32,140.555,1
183,183,ìåóRóò,-0.9,0.0,1.4,8.3,15.0,16.8,24.0,23.6,18.3,12.5,5.5,-0.1,39.305,140.2883,1
184,184,ñ{ëë,1.3,2.2,4.1,10.1,15.8,17.3,24.2,24.2,19.6,14.0,8.2,2.2,39.36,140.055,15
185,186,ñÓìá,-0.3,0.7,2.2,8.9,15.2,16.7,23.7,23.4,18.4,12.8,6.4,0.6,39.235,140.1367,1
186,187,ìíëÚ,-1.1,-0.6,1.4,8.7,15.4,17.3,23.9,23.3,18.5,12.5,5.6,-0.4,39.1867,140.4633,1
187,188,ìíÇÃë–,-2.1,-1.5,0.5,6.4,13.9,15.6,22.1,21.5,16.6,11.2,4.5,-1.2,38.96,140.5283,12
188,189,ìÒåÀ,-2.6,-1.1,1.1,8.7,14.6,16.7,22.7,20.1,17.0,10.8,5.3,-0.8,40.2967,141.2983,12
189,190,éÌés,-0.9,-0.2,2.4,9.0,13.0,14.9,21.7,19.3,17.5,11.7,5.9,0.6,40.4033,141.7,9
190,191,åyïƒ,-2.9,-1.5,1.0,8.8,14.5,16.4,22.8,19.9,17.1,10.8,5.4,-0.8,40.3183,141.47,12
191,192,ãvéú,-1.1,0.1,2.7,9.5,13.7,16.0,22.6,20.2,17.8,11.9,6.1,0.6,40.1883,141.775,9
192,193,éRå`,-2.6,-1.0,1.0,8.5,14.3,16.0,22.7,19.7,16.8,10.6,5.1,-0.8,40.1483,141.5717,12
193,194,äãä™,-4.4,-2.9,-0.8,6.7,13.5,15.0,21.5,19.4,15.2,9.2,3.8,-2.2,40.0383,141.4367,13
194,195,âúíÜéR,-4.5,-3.2,-0.9,6.5,13.4,15.1,21.4,19.2,15.5,9.5,3.0,-3.0,40.06,141.225,13
195,196,çrâÆ,-3.2,-2.1,0.1,7.4,14.5,16.3,22.3,20.0,16.4,10.3,4.2,-1.8,40.1033,141.05,12
196,197,ä‚éËèºîˆ,-2.9,-1.7,0.8,8.2,15.4,17.0,23.1,21.0,16.7,10.8,4.6,-1.4,39.9517,141.065,12
197,198,é¥êŒ,-2.3,-1.3,0.7,8.1,14.9,16.7,22.9,21.4,16.9,10.8,4.5,-1.6,39.6967,140.975,12
198,199,ê∑â™,-1.1,-0.2,2.2,9.3,16.2,17.9,24.3,22.3,18.4,12.1,6.0,-0.3,39.6983,141.165,1
199,200,çDñÄ,-2.2,-1.1,1.5,8.9,16.0,17.6,23.8,21.8,17.6,11.6,5.5,-0.6,39.8683,141.1667,1
200,201,ñ˜êÏ,-6.0,-5.0,-2.5,4.6,11.6,13.4,20.2,18.7,13.7,8.1,1.8,-4.4,39.7833,141.3283,18
201,202,ä‚êÚ,-1.3,0.4,2.5,9.4,15.1,16.6,23.2,20.1,17.6,11.5,6.0,0.4,39.8467,141.7967,9
202,203,è¨ñ{,-0.3,0.9,3.3,9.6,13.8,16.1,22.2,20.5,18.6,12.7,7.2,1.7,39.84,141.955,9
203,204,ïÅë„,-1.1,0.2,2.6,9.4,13.4,15.7,22.2,20.0,17.7,11.8,6.4,1.0,40.0033,141.8833,9
204,205,ã{å√,0.3,1.6,3.6,9.9,14.1,16.2,22.4,20.1,18.4,12.6,7.7,2.0,39.6467,141.965,9
205,206,éRìc,0.4,1.7,3.5,9.8,14.8,16.3,22.9,20.6,18.7,12.9,8.0,2.4,39.45,141.9567,9
206,207,äòêŒ,1.6,2.7,4.2,10.5,15.7,17.5,23.9,21.5,19.8,13.8,9.0,3.2,39.27,141.8783,15
207,208,ëÂëDìn,1.3,2.2,4.0,9.9,15.7,17.0,23.6,21.8,19.4,13.7,8.1,2.5,39.0633,141.7133,15
208,209,êÁâX,-0.5,0.4,2.7,9.2,15.4,17.1,23.6,21.6,18.3,12.5,5.9,0.4,38.9217,141.33,1
209,210,àÍä÷,0.3,1.2,3.8,10.3,16.6,18.3,24.6,22.5,19.6,13.3,6.8,1.1,38.9333,141.125,15
210,211,é·ñˆ,-1.0,-0.2,2.6,9.2,16.1,17.5,23.8,21.9,18.2,12.5,5.8,-0.4,39.1317,141.0633,1
211,212,ç]éh,-0.4,0.6,3.3,9.9,16.8,18.4,24.8,22.9,19.2,13.0,6.5,0.3,39.1833,141.1617,1
212,213,ñkè„,-0.3,0.6,3.2,10.0,16.8,18.3,24.9,22.8,19.4,13.1,6.6,0.3,39.2883,141.11,15
213,214,ìíìc,-2.1,-1.6,0.7,6.4,13.9,15.6,22.3,21.3,16.8,11.1,3.9,-1.5,39.31,140.7767,12
214,215,ëÂîó,-1.6,-0.5,1.9,8.9,15.9,17.4,24.1,22.4,18.0,11.9,5.8,-0.5,39.47,141.2783,1
215,216,éáîg,-1.6,-0.5,2.1,9.2,16.3,18.0,24.2,22.3,18.2,12.3,5.9,-0.9,39.5467,141.1267,1
216,217,ãÊäE,-5.4,-4.5,-2.4,4.8,11.9,13.2,20.1,18.4,14.0,8.4,2.5,-3.9,39.65,141.3533,18
217,218,êÏà‰,-0.8,0.6,2.5,9.6,15.6,17.1,23.3,20.5,17.5,11.6,6.8,0.8,39.5983,141.6817,9
218,219,âìñÏ,-2.4,-0.9,1.3,8.0,14.9,16.4,23.0,21.0,17.0,11.2,4.9,-1.1,39.3367,141.5383,12
219,220,èZìc,-0.6,0.6,2.6,8.9,15.4,16.9,23.6,21.6,18.5,12.6,6.1,0.5,39.1417,141.5733,1
220,221,ãCêÂè¿,0.5,1.3,3.5,9.4,14.9,16.4,22.9,21.2,18.8,13.0,7.1,1.7,38.9083,141.555,9
221,222,ãÓÉmìí,-2.5,-2.0,0.2,6.5,13.3,14.4,21.1,19.3,15.9,10.5,4.2,-1.5,38.9133,140.8283,13
222,223,êÏìn,-0.6,0.3,2.3,8.9,15.4,16.8,23.5,21.3,18.0,12.5,5.9,0.4,38.7433,140.76,1
223,224,ízäŸ,0.2,1.3,3.4,9.8,16.0,17.8,24.0,22.1,18.9,13.0,6.4,1.1,38.735,141.005,15
224,225,å√êÏ,0.7,1.5,3.6,9.8,16.3,18.0,24.4,22.2,19.1,13.3,6.7,1.1,38.5983,140.9117,15
225,226,ïƒéR,0.7,1.6,3.8,9.9,16.1,18.1,24.3,22.5,19.2,13.4,6.9,1.4,38.6267,141.1883,15
226,227,éuí√êÏ,1.1,1.9,4.1,10.2,15.6,17.1,23.5,21.5,19.4,13.7,7.7,2.4,38.6817,141.4483,15
227,228,ç]Émìá,3.3,3.5,5.3,10.3,14.5,16.4,22.3,21.5,20.0,15.2,10.0,4.6,38.3983,141.5967,17
228,229,èóêÏ,1.3,2.1,3.9,9.7,15.3,16.9,23.1,21.4,19.0,13.5,7.7,2.4,38.4533,141.44,15
229,230,êŒä™,1.6,2.2,4.4,10.2,15.4,17.4,23.6,22.4,19.9,14.1,8.2,2.5,38.4267,141.2983,15
230,231,ìåèºìá,1.5,2.2,4.3,10.2,15.8,17.8,24.2,22.7,19.9,14.1,7.8,2.1,38.4267,141.2133,15
231,232,é≠ìáë‰,0.9,1.5,3.5,9.5,15.7,17.7,24.1,22.3,19.2,13.4,6.8,1.3,38.46,141.0917,15
232,233,ëÂçt,0.6,1.2,3.6,9.7,15.8,17.7,24.2,22.1,19.2,13.3,6.6,1.2,38.4733,140.8883,15
233,234,âñäò,1.4,1.9,4.2,10.5,16.0,17.5,24.2,22.2,20.1,14.1,8.2,2.4,38.3383,141.0133,15
234,235,êÂë‰,2.5,3.2,5.4,11.5,17.0,18.6,25.1,23.0,21.1,14.9,9.1,3.5,38.2617,140.8967,17
235,236,ñºéÊ,2.0,3.0,5.0,10.8,15.9,17.9,24.3,22.8,20.3,14.5,8.5,3.1,38.1383,140.9167,17
236,237,òjóù,1.9,2.9,4.8,10.9,16.2,17.9,24.2,22.4,19.9,14.2,8.7,3.2,38.025,140.8583,15
237,238,ä€êX,1.7,3.1,4.8,11.1,17.2,18.8,25.2,22.9,20.0,14.2,8.0,2.7,37.9317,140.7783,15
238,239,îíêŒ,1.0,1.9,3.9,10.6,16.7,17.9,24.3,22.0,19.1,13.4,7.6,2.1,38.015,140.6117,15
239,240,ë†â§,0.6,1.6,3.7,9.9,15.9,17.5,23.9,22.0,18.7,13.3,7.0,1.8,38.1267,140.68,15
240,241,êVêÏ,-0.5,0.0,2.2,8.6,14.9,16.5,22.9,20.9,17.5,12.2,5.2,0.4,38.3033,140.6367,9
241,242,îÚìá,2.5,2.8,5.0,9.6,14.9,16.3,23.3,23.9,20.1,14.9,9.3,3.6,39.1833,139.5433,17
242,243,éìc,2.3,2.8,5.2,10.5,16.3,18.0,24.9,25.3,20.5,15.2,8.8,3.0,38.9083,139.8433,17
243,244,íﬂâ™,2.2,2.7,5.2,10.9,16.8,18.1,25.3,25.2,20.7,15.1,8.6,2.6,38.735,139.8283,3
244,245,éÎêÏ,0.9,1.3,3.9,9.7,15.7,17.5,24.2,24.0,19.3,14.3,7.3,1.6,38.8,139.9733,15
245,246,ã‡éR,-1.0,-0.4,1.5,7.7,15.1,16.6,23.7,22.9,17.9,12.3,5.2,-0.3,38.8783,140.3317,1
246,247,ç∑éÒìÁ,-0.6,0.1,1.8,7.2,14.9,16.6,23.4,22.8,17.6,12.2,5.3,0.0,38.9183,140.2,1
247,248,å¸í¨,-0.8,-0.4,1.8,8.0,15.0,16.8,23.6,22.2,17.7,12.5,5.1,-0.2,38.7583,140.5167,1
248,249,êVèØ,-0.4,0.2,2.2,8.9,15.7,17.5,24.5,23.6,18.7,13.2,5.7,0.1,38.7567,140.3117,1
249,250,îˆâ‘ëÚ,-0.6,-0.1,1.9,8.4,15.5,17.5,24.2,23.0,18.4,12.9,5.4,-0.2,38.6083,140.4117,1
250,251,ïIê‹,-1.1,-1.1,1.1,5.4,12.6,15.1,22.0,21.1,16.3,11.3,4.3,-0.8,38.6067,140.1633,12
251,252,ë∫éR,-0.8,-0.2,2.4,9.2,16.0,18.1,24.6,23.4,18.7,13.1,5.6,0.4,38.46,140.3483,1
252,254,ç∂ëÚ,-1.1,-0.5,1.8,8.3,15.2,17.3,23.7,22.7,17.7,12.3,4.9,-0.3,38.37,140.1917,1
253,255,çÇî©,-0.4,-0.2,2.2,9.3,16.5,18.2,24.9,23.7,18.7,13.4,5.7,0.4,38.0033,140.2067,1
254,256,ïƒëÚ,-0.6,-0.7,2.0,9.1,16.5,18.1,24.6,23.5,18.6,13.2,5.6,0.2,37.9117,140.1433,1
255,257,è¨çë,0.1,0.3,2.0,7.4,15.0,16.8,23.8,23.5,18.3,13.0,4.8,0.5,38.0783,139.735,1
256,258,çÇïÙ,-0.5,-0.4,1.7,7.5,15.6,17.1,24.0,22.9,17.7,12.5,5.0,0.2,37.9983,139.9567,1
257,259,í∑à‰,-0.5,0.0,2.0,9.1,16.5,18.1,24.6,23.6,18.4,13.0,5.5,0.4,38.105,140.015,1
258,260,ëlÉPä÷,3.7,4.0,5.8,11.5,16.7,17.6,24.6,25.5,21.4,16.0,10.5,4.6,38.5667,139.5517,17
259,261,ñŒíÎ,0.3,0.8,3.0,9.4,15.8,17.3,23.6,21.9,18.0,12.9,6.2,1.2,37.8917,140.4367,1
260,262,ó¿êÏ,1.3,2.6,4.6,11.3,17.7,19.6,25.8,23.6,20.1,14.5,7.8,2.4,37.8517,140.5883,3
261,263,ïüìá,2.1,2.9,5.4,12.3,18.8,20.2,26.5,24.0,21.0,15.0,8.6,3.4,37.7583,140.47,3
262,264,ïOå¥,-4.1,-4.0,-1.2,4.3,12.4,13.9,20.9,20.2,15.0,10.2,2.8,-2.2,37.7217,140.0583,13
263,265,äÏëΩï˚,-0.6,-0.8,2.2,9.2,16.6,18.6,24.7,24.1,18.7,13.5,4.8,0.4,37.6583,139.8633,1
264,266,êºâÔí√,0.1,-0.2,2.4,8.7,15.9,17.8,24.3,23.7,18.5,13.4,5.2,0.7,37.5883,139.6567,1
265,268,ë¸å©,-0.7,-0.8,1.7,6.0,14.5,16.8,23.4,23.3,18.0,13.1,4.7,0.1,37.3433,139.3133,1
266,269,ìÏãΩ,-1.7,-1.8,0.9,6.3,14.7,16.6,22.8,22.7,17.5,12.5,4.1,-0.9,37.265,139.5367,12
267,270,ïOé}äÚ,-3.9,-3.9,-1.2,4.4,11.5,13.9,19.9,19.8,14.5,9.9,2.9,-2.5,37.0233,139.3867,13
268,271,ìcìá,-2.0,-2.0,0.9,7.5,14.6,16.2,22.5,21.8,16.8,11.8,4.1,-1.3,37.2067,139.795,12
269,272,ìíñ{,-1.9,-1.8,0.9,7.1,13.7,15.3,21.3,20.4,16.2,11.2,4.2,-1.3,37.2767,140.0633,12
270,273,îíâÕ,1.0,1.6,3.8,10.4,16.7,18.4,24.3,22.8,19.2,13.5,7.4,1.7,37.1317,140.215,15
271,274,ìåîíêÏ,0.6,1.8,3.6,10.3,17.0,18.9,24.7,23.5,19.2,13.9,6.9,1.2,36.9383,140.4083,15
272,275,è¨ñºïl,4.3,5.1,6.6,11.8,16.8,19.0,23.4,24.2,21.3,15.9,10.9,5.1,36.9467,140.9033,17
273,277,çLñÏ,3.9,4.4,5.7,11.6,16.9,18.4,24.3,23.5,20.6,15.2,10.4,4.9,37.2333,141.0,17
274,278,êÏì‡,-0.2,0.7,2.3,9.1,15.7,16.8,23.4,21.5,17.7,12.3,6.5,0.5,37.3367,140.8083,1
275,279,è¨ñÏêVí¨,-0.5,0.3,2.5,8.9,15.8,17.2,23.6,22.2,18.1,12.5,6.1,0.2,37.2867,140.625,1
276,280,åSéR,1.0,1.4,3.9,10.5,17.5,19.0,24.9,23.2,19.4,13.8,7.5,1.7,37.3683,140.33,15
277,281,ëDà¯,-0.4,0.3,2.6,9.3,16.2,17.4,23.8,22.1,18.1,12.4,6.6,0.5,37.435,140.5767,1
278,282,òQç],2.8,3.8,5.3,11.6,17.3,18.3,24.8,23.1,20.4,14.7,9.5,4.0,37.4917,140.965,17
279,283,î—ä⁄,-1.1,0.0,1.9,8.8,15.6,16.5,23.1,20.9,17.5,12.0,6.3,0.4,37.695,140.7467,9
280,284,ìÒñ{èº,0.9,2.0,4.1,11.1,17.8,19.3,25.3,23.4,19.8,13.9,8.0,2.5,37.5833,140.43,15
281,285,íñïcë„,-1.3,-1.4,1.4,8.2,15.4,16.9,23.2,22.3,17.6,12.4,5.0,-0.2,37.555,140.1217,1
282,286,òhëq,-5.9,-5.9,-3.3,3.7,11.3,12.1,19.0,17.7,13.4,8.2,1.7,-4.4,37.6683,140.26,18
283,287,ëäîn,2.5,3.7,5.3,11.3,16.8,18.4,24.7,22.8,20.3,14.6,9.1,3.8,37.7833,140.925,17
284,288,êVín,2.7,3.7,5.5,11.3,16.4,18.2,24.5,22.8,20.6,14.7,9.4,3.9,37.875,140.9183,17
285,289,é·èº,0.1,-0.2,3.4,10.0,17.4,19.2,25.5,24.6,19.7,14.3,5.8,0.7,37.4883,139.91,15
286,290,ñkàÔèÈ,3.3,4.2,5.5,10.9,16.2,18.2,22.9,23.3,19.8,15.0,9.6,4.0,36.8333,140.7717,17
287,291,ëÂéq,0.6,2.2,4.5,11.0,17.4,19.3,25.2,24.1,20.2,14.5,7.3,1.4,36.7783,140.345,15
288,292,ì˙óß,4.9,5.5,6.8,12.6,17.7,19.5,24.9,24.8,21.4,16.1,11.4,6.3,36.5983,140.65,8
289,293,èÌó§ëÂã{,1.5,2.9,4.8,11.1,17.1,18.9,24.8,23.7,20.0,14.4,8.2,2.3,36.6067,140.325,15
290,294,êÖåÀ,3.6,4.9,6.5,12.8,18.7,20.2,26.2,24.9,21.6,15.8,10.0,4.6,36.38,140.4667,16
291,295,ä}ä‘,2.6,4.0,5.7,12.4,18.4,20.3,26.2,24.9,21.4,15.5,9.1,3.0,36.3833,140.2367,3
292,296,ñgìc,2.8,4.4,5.8,12.4,18.1,19.9,25.5,24.4,21.2,15.4,9.5,3.9,36.1683,140.5267,17
293,297,é≠ìà,5.2,6.1,7.8,13.8,18.8,20.6,25.7,25.3,22.4,17.2,12.0,6.3,35.9633,140.6217,8
294,298,ó¥ÉPçË,3.4,5.1,6.6,13.3,19.0,20.9,26.3,25.1,21.5,15.9,10.1,4.3,35.89,140.2117,16
295,300,ìyâY,4.1,5.4,7.2,13.5,19.1,21.0,26.6,25.3,22.1,16.2,10.5,5.0,36.1033,140.22,8
296,301,â∫äŸ,2.7,4.4,6.4,13.0,18.9,20.9,26.3,25.1,21.5,15.7,9.4,3.9,36.2817,139.9883,16
297,302,å√âÕ,3.7,5.1,7.2,13.7,19.5,21.7,27.1,25.7,22.2,16.0,9.8,4.6,36.2017,139.7167,8
298,303,â‰ë∑éq,3.7,5.3,6.8,13.2,18.8,20.8,26.4,25.1,21.6,15.6,10.1,4.6,35.8633,140.11,16
299,304,çÅéÊ,3.7,5.1,6.5,13.0,18.3,20.3,25.5,24.8,21.4,16.0,10.5,4.8,35.8583,140.5017,16
300,305,í∂éq,7.0,7.2,9.0,14.2,18.5,20.5,25.0,25.6,22.8,18.2,13.9,8.3,35.7383,140.8567,0
301,306,â°é≈åı,5.1,6.4,7.7,14.0,19.0,21.1,26.1,26.0,22.4,17.1,12.0,6.3,35.6567,140.48,8
302,307,ç≤ëq,3.8,5.6,7.0,13.8,19.2,21.3,26.7,25.6,22.0,16.1,10.7,4.9,35.7283,140.2117,8
303,308,ëDã¥,5.2,6.4,8.0,14.1,19.6,21.7,26.9,26.1,22.5,16.6,11.6,6.1,35.7117,140.0433,8
304,309,êÁót,6.7,7.4,8.8,14.8,19.9,22.1,27.4,26.7,23.3,17.5,13.1,7.8,35.6017,140.1033,0
305,310,ñŒå¥,5.8,7.1,8.1,14.6,19.6,21.6,27.1,26.5,22.6,17.3,12.8,7.1,35.4167,140.31,0
306,311,ãçãv,4.4,5.9,6.9,13.8,19.1,21.1,26.6,25.8,21.8,16.3,11.5,5.4,35.3967,140.1483,8
307,312,ñÿçXí√,6.1,6.9,7.9,14.2,19.5,21.4,26.6,26.0,22.3,16.8,12.4,7.0,35.3617,139.94,0
308,313,ç‚î®,3.6,5.0,6.1,12.8,18.1,20.1,25.5,24.9,21.0,15.6,11.2,5.1,35.235,140.0983,16
309,314,èüâY,7.0,7.8,8.9,14.2,18.8,21.1,25.7,26.1,23.0,18.0,14.4,8.6,35.15,140.3117,0
310,315,äõêÏ,6.4,7.4,8.6,14.4,19.2,21.2,26.3,26.3,22.7,17.8,13.7,8.0,35.1117,140.1,0
311,316,äŸéR,6.4,7.6,8.6,14.4,19.3,21.5,26.5,26.6,23.1,17.9,14.0,8.0,34.9867,139.865,0
312,318,çïàÈ,1.3,2.0,4.2,10.3,16.3,18.5,24.1,23.0,19.4,14.0,7.5,1.8,36.9817,140.0183,15
313,319,ëÂìcå¥,1.8,2.9,5.2,11.7,17.7,19.7,25.1,24.0,20.2,14.6,8.1,2.4,36.84,140.035,3
314,320,âñíJ,1.2,2.6,4.6,11.0,17.1,19.2,24.6,23.4,19.6,14.0,7.0,1.5,36.7567,139.8833,15
315,321,ìﬂê{âGéR,1.2,2.8,5.0,11.6,17.7,19.5,25.2,24.2,20.3,14.7,7.9,1.7,36.6417,140.1167,3
316,322,ê^â™,2.1,3.5,5.7,12.3,18.4,20.5,26.2,24.9,21.2,15.2,8.6,2.7,36.4783,139.9867,3
317,323,âFìsã{,3.1,4.3,6.6,13.2,19.1,20.9,26.4,25.1,21.9,15.7,9.6,3.8,36.5483,139.8683,16
318,324,è¨éR,3.3,4.8,6.9,13.6,19.5,21.6,26.9,25.8,22.2,16.2,9.8,4.3,36.3383,139.83,16
319,325,ç≤ñÏ,3.5,4.9,7.0,13.5,19.4,21.8,27.2,25.9,22.4,16.3,9.7,4.5,36.3633,139.57,16
320,327,ìyòCïî,-3.5,-3.2,-0.2,6.0,12.7,14.3,20.2,19.8,14.9,10.4,3.3,-2.2,36.8933,139.5683,13
321,328,å‹è\ó¢,-1.5,-0.9,2.0,8.6,14.7,16.5,22.1,21.2,16.8,12.0,5.0,-0.4,36.9217,139.695,12
322,329,ç°és,0.9,1.9,3.8,10.6,16.6,18.3,23.6,22.5,19.1,13.6,7.2,1.8,36.7267,139.6767,15
323,330,é≠è¿,2.0,3.0,5.1,12.1,18.2,20.2,25.6,24.4,20.8,15.0,8.3,2.8,36.5917,139.735,3
324,331,åFíJ,4.5,5.8,7.9,14.3,20.1,22.4,27.8,26.3,22.9,16.6,10.5,5.4,36.15,139.38,8
325,332,äÒãè,2.9,4.4,6.1,12.9,18.6,21.0,26.5,25.2,21.4,15.6,8.7,3.7,36.105,139.1833,16
326,333,íÅïÉ,2.2,3.7,5.6,12.5,18.4,20.8,25.9,24.9,20.9,15.0,7.9,2.9,35.99,139.0733,3
327,334,èäëÚ,4.1,5.2,6.8,13.2,18.9,21.1,26.4,25.2,21.7,15.9,10.1,4.9,35.7733,139.4133,16
328,335,Ç≥Ç¢ÇΩÇ‹,4.3,5.8,7.8,14.2,19.9,22.3,27.6,26.3,22.7,16.7,10.5,5.1,35.875,139.5867,8
329,336,âzíJ,4.2,5.8,7.6,14.0,19.9,22.2,27.6,26.1,22.5,16.3,10.4,4.7,35.8833,139.7567,8
330,337,ãväÏ,3.7,5.2,7.3,13.7,19.6,21.8,27.3,25.8,22.3,16.2,9.8,4.5,36.0867,139.635,8
331,338,ìåãû,5.8,6.9,8.5,14.7,20.0,22.0,27.3,26.4,22.8,16.8,11.9,6.6,35.69,139.76,7
332,339,ó˚în,5.0,6.3,8.1,14.6,20.2,22.3,27.7,26.5,22.9,16.7,11.1,5.6,35.735,139.6683,7
333,340,ï{íÜ,4.8,6.1,7.7,14.0,19.5,21.7,27.1,26.1,22.3,16.3,10.9,5.3,35.6833,139.4817,8
334,341,î™â§éq,3.8,5.1,6.9,13.6,19.2,21.3,26.8,25.7,22.0,16.1,10.2,4.5,35.6667,139.3167,16
335,342,ê¬î~,3.8,5.1,6.9,13.5,19.1,21.1,26.6,25.4,21.7,15.8,9.7,4.3,35.7883,139.3117,16
336,343,è¨âÕì‡,1.7,2.8,4.1,11.0,16.7,18.6,24.0,23.0,19.3,13.8,7.8,2.7,35.7917,139.05,15
337,344,ç]åÀêÏó’äC,6.4,7.1,8.6,14.2,19.5,22.0,26.7,26.4,23.1,17.2,12.6,7.3,35.6383,139.8633,0
338,345,âHìc,6.9,7.4,8.9,14.8,19.9,22.1,27.1,26.6,23.3,17.7,13.3,8.0,35.5533,139.78,0
339,346,éOëÓìá,10.3,9.9,11.0,15.5,19.6,21.6,26.0,26.4,24.5,21.2,16.6,11.4,34.1233,139.5217,11
340,347,ëÂìá,8.0,8.4,9.2,14.4,19.1,21.0,25.8,26.0,23.1,18.4,14.7,9.2,34.7483,139.3617,0
341,348,ëäêÏ,4.5,4.5,6.5,11.6,16.9,18.0,25.0,25.9,21.9,16.6,10.8,5.5,38.0283,138.24,17
342,349,êVäÉ,3.1,3.3,6.1,11.6,17.7,19.0,25.9,26.2,21.7,16.4,9.1,3.9,37.9117,139.0467,16
343,350,â∫ä÷,1.2,1.3,3.6,9.8,16.0,17.7,24.6,24.8,19.7,14.7,6.6,2.0,38.0917,139.5633,15
344,351,ë∫è„,2.1,2.5,4.6,10.3,16.6,18.4,25.1,25.3,20.5,15.0,7.8,2.6,38.2267,139.4783,3
345,352,íÜè,2.7,3.1,5.7,11.8,17.9,19.2,26.0,26.3,21.7,16.1,9.3,3.8,38.06,139.4083,3
346,353,èºïl,3.2,3.5,6.0,11.5,17.2,18.8,25.3,26.0,21.7,16.4,9.4,4.1,37.955,139.1117,17
347,354,êVí√,1.8,2.2,5.0,10.7,17.5,18.8,25.3,25.3,20.5,15.5,7.8,2.9,37.7917,139.0867,3
348,355,ä™,2.2,2.6,5.2,10.7,17.2,18.5,25.2,25.4,20.7,15.4,8.2,3.2,37.7683,138.9133,3
349,356,éOè,2.4,2.7,5.4,11.5,18.1,19.2,26.0,26.2,21.5,15.9,8.5,3.4,37.64,138.955,3
350,357,éõîë,2.8,3.2,5.8,11.1,17.0,18.3,25.0,25.5,21.0,15.5,8.7,3.8,37.64,138.7667,17
351,358,í√êÏ,0.5,0.5,2.7,8.8,15.6,17.3,24.1,23.9,18.7,13.7,5.4,1.1,37.6717,139.4467,1
352,360,è¨èo,0.5,0.6,3.1,8.9,17.0,18.9,25.3,25.4,20.3,14.8,6.3,1.7,37.2383,138.9617,15
353,361,îêçË,3.4,3.1,5.5,11.1,16.7,18.2,25.2,25.5,20.7,15.7,8.7,4.4,37.3517,138.5533,17
354,362,í∑â™,2.2,2.3,4.9,11.3,18.0,19.3,26.0,26.3,21.3,15.8,8.1,3.2,37.45,138.8233,3
355,363,è\ì˙í¨,0.0,0.0,2.4,8.8,16.4,18.1,24.4,24.4,19.5,14.1,6.1,1.2,37.1433,138.7267,1
356,365,í√ìÏ,-0.9,-0.8,1.9,8.3,15.8,17.3,23.7,23.5,18.7,13.2,5.8,0.2,36.9967,138.6833,1
357,366,à¿íÀ,0.8,0.8,2.9,9.7,15.8,17.3,24.3,24.2,19.2,14.2,6.4,1.6,37.1067,138.4567,15
358,368,çÇìc,2.9,3.1,6.0,12.2,17.9,19.0,26.1,26.1,21.4,16.0,9.0,3.9,37.1067,138.2467,3
359,369,î\ê∂,2.6,2.4,5.1,10.9,16.7,17.8,25.0,24.9,20.1,15.1,8.5,3.1,37.0833,138.0233,17
360,370,éÖãõêÏ,4.3,4.2,6.5,12.6,17.8,19.1,26.2,26.3,22.2,16.8,10.5,5.3,37.0383,137.8617,16
361,371,ä÷éR,0.2,0.3,3.1,10.2,16.4,17.3,24.0,23.7,19.2,14.0,7.2,1.5,36.9333,138.2217,15
362,372,ì°å¥,-2.5,-2.3,0.4,5.5,13.1,15.3,21.8,21.4,16.3,11.5,4.1,-1.0,36.8633,139.0583,12
363,373,Ç›Ç»Ç©Ç›,-1.1,-0.7,1.9,7.6,14.8,16.6,22.9,22.2,17.6,12.6,5.6,0.2,36.8,138.9917,1
364,374,ëêí√,-4.2,-4.0,-1.3,5.9,12.8,13.8,20.2,19.2,14.7,9.6,3.6,-2.7,36.6167,138.5917,13
365,375,íÜîVè,0.3,1.3,3.9,10.4,16.9,18.9,24.9,23.7,19.4,13.6,6.6,1.7,36.5867,138.85,15
366,376,ìcë„,-4.5,-4.1,-1.4,5.7,12.5,13.8,20.3,19.5,14.4,9.2,3.2,-3.0,36.4633,138.4633,13
367,377,è„ó¢å©,2.7,3.7,6.0,12.8,18.6,21.1,26.1,25.0,21.2,15.2,8.9,3.7,36.3767,138.895,16
368,378,ëOã¥,4.0,4.7,7.2,13.8,19.8,21.9,27.3,25.8,22.5,16.2,10.4,5.3,36.405,139.06,8
369,379,ãÀê∂,3.7,4.8,7.3,13.9,19.6,22.0,27.0,25.6,22.2,16.0,9.8,4.6,36.3833,139.345,8
370,380,äŸó—,4.5,5.7,7.9,14.5,20.4,22.7,28.1,26.6,23.1,16.7,10.5,5.2,36.2333,139.5317,8
371,381,à…ê®çË,4.2,5.2,7.7,14.2,20.0,22.4,27.7,26.3,22.8,16.5,10.4,5.2,36.3317,139.165,8
372,382,ê_ó¨,1.1,2.4,4.2,10.8,16.8,18.8,24.2,23.3,19.1,13.6,6.3,1.4,36.1083,138.8967,15
373,383,êºñÏñq,1.4,2.5,4.4,11.2,17.1,19.5,25.0,23.8,19.6,13.8,7.1,2.0,36.245,138.7067,15
374,384,è¿ìc,-0.6,0.5,3.6,10.2,16.8,18.9,24.8,23.8,19.3,13.7,6.3,0.9,36.6533,139.06,15
375,385,ëÂêÚ,0.0,0.6,3.1,10.0,16.0,17.8,23.7,23.7,18.6,12.9,6.8,1.1,35.8617,138.3867,1
376,386,îBçË,1.8,3.4,5.9,12.2,18.1,20.3,25.4,25.3,20.6,14.9,8.1,2.7,35.6933,138.4483,3
377,387,çbï{,3.2,4.9,7.4,14.0,19.8,22.0,27.4,27.3,22.6,16.5,9.8,4.3,35.6667,138.5533,8
378,388,å√ä÷,0.2,1.9,4.4,11.4,16.9,19.0,24.7,24.6,19.6,14.0,7.3,1.5,35.5283,138.615,15
379,389,êÿêŒ,1.8,3.5,6.2,12.9,18.4,20.6,26.2,26.0,21.3,15.6,8.5,2.9,35.4667,138.4417,3
380,390,ìÏïî,3.9,5.2,7.2,13.6,19.0,21.3,26.5,26.4,22.2,17.0,10.6,4.8,35.2883,138.445,8
381,391,ïxéméR,-19.5,-18.5,-17.2,-9.9,-2.6,-0.5,6.4,7.1,2.4,-0.1,-9.9,-16.6,35.36,138.7267,10
382,392,éRíÜ,-2.1,-0.5,1.0,8.3,14.1,16.0,21.9,21.8,16.9,11.6,5.5,-1.0,35.4367,138.8367,12
383,393,âÕå˚åŒ,-0.5,1.1,2.5,9.8,15.4,17.2,23.1,22.7,18.1,12.6,7.0,0.9,35.5,138.76,1
384,394,ëÂåé,1.6,3.7,5.0,12.4,18.0,20.0,25.6,24.7,20.3,14.5,8.5,2.8,35.6083,138.9383,3
385,395,èüè¿,2.1,3.8,6.2,13.1,19.1,21.2,26.7,26.4,21.5,15.5,8.7,3.4,35.6633,138.725,16
386,396,â°ïl,6.8,7.5,8.9,14.9,20.0,22.0,27.1,26.6,23.2,17.3,13.0,7.7,35.4383,139.6517,0
387,397,í“ì∞,6.6,7.5,8.8,14.6,19.6,21.7,26.4,26.6,23.3,17.7,13.2,7.3,35.32,139.45,0
388,398,éOâY,7.0,7.7,8.8,14.2,19.1,21.2,26.0,26.1,22.9,17.5,13.7,8.1,35.1783,139.63,0
389,399,äCòVñº,5.1,6.3,7.7,14.3,19.6,21.8,27.0,26.5,22.6,16.9,11.8,5.9,35.4333,139.3867,8
390,400,è¨ìcå¥,5.2,6.4,7.7,14.1,19.1,21.2,26.6,26.1,22.3,17.0,12.1,6.1,35.2767,139.155,8
391,401,ñÏëÚâ∑êÚ,-2.1,-2.0,0.9,6.9,14.5,16.1,22.5,22.3,17.4,12.0,4.3,-1.2,36.9117,138.4417,12
392,402,î—éR,-1.3,-0.8,2.3,9.5,16.3,18.1,24.7,24.5,19.3,14.0,5.9,-0.6,36.875,138.375,1
393,403,êMîZí¨,-2.7,-2.7,0.7,7.8,14.2,15.5,22.4,22.2,17.2,12.1,4.6,-1.5,36.8083,138.1983,12
394,404,í∑ñÏ,-0.5,0.2,3.7,10.8,17.4,18.8,25.1,24.9,19.8,14.3,6.8,1.0,36.6617,138.1917,15
395,405,îíîn,-2.8,-3.0,0.8,7.4,14.6,15.7,22.2,22.1,16.7,11.8,4.0,-1.5,36.6983,137.8617,12
396,406,ëÂí¨,-2.7,-2.6,1.1,7.8,15.0,16.3,22.4,22.3,16.8,11.6,4.6,-0.9,36.5233,137.8333,12
397,407,êMèBêVí¨,-1.3,-0.8,2.5,9.3,16.1,17.5,24.0,23.6,18.2,12.7,5.4,-0.1,36.5483,137.9967,1
398,408,êõïΩ,-6.6,-6.1,-3.2,4.1,11.5,12.7,19.6,19.1,13.7,8.7,2.0,-5.0,36.5317,138.325,18
399,409,è„ìc,-0.4,0.8,3.7,10.9,17.3,18.9,24.8,24.4,19.6,13.5,6.5,0.9,36.4,138.265,15
400,410,ìåå‰,-2.9,-2.0,0.7,8.0,14.6,15.8,22.1,21.5,16.5,10.7,5.0,-1.2,36.3833,138.3833,12
401,411,åyà‰ëÚ,-3.6,-2.5,0.1,7.3,13.5,15.0,21.3,20.4,15.6,10.1,3.9,-1.8,36.3417,138.5467,13
402,412,ç≤ãv,-1.6,-0.2,2.5,9.8,16.5,18.2,24.3,23.6,18.6,12.5,5.6,-0.3,36.2467,138.4767,1
403,413,óßâ»,-2.3,-0.7,2.0,9.2,15.8,17.5,23.6,23.0,17.8,12.1,5.4,-0.7,36.2717,138.3133,1
404,414,ï‰çÇ,-1.2,0.0,3.1,10.2,17.2,18.6,24.6,24.2,18.8,12.9,6.2,0.6,36.3433,137.8817,1
405,415,èºñ{,-0.2,0.8,3.6,10.8,17.7,19.1,25.2,25.0,19.5,13.2,7.3,1.6,36.245,137.97,15
406,416,ìﬁêÏ,-3.8,-3.1,-0.3,6.3,13.3,14.7,20.9,21.0,15.0,10.0,3.4,-2.2,36.0883,137.6833,13
407,417,ñÿë]ïΩëÚ,-2.2,-1.3,1.5,8.3,15.5,16.9,23.1,22.8,16.9,11.2,5.1,-0.5,35.9833,137.835,12
408,418,íCñÏ,-0.9,0.0,2.9,9.4,16.6,18.3,24.4,24.1,18.5,12.7,5.9,0.5,35.9817,137.9833,1
409,419,êzñK,-0.8,-0.1,3.1,9.6,16.7,18.4,24.4,24.1,18.8,13.0,6.3,0.7,36.045,138.1083,1
410,420,ñÏï”éR,-5.0,-4.4,-1.5,5.9,12.4,13.6,20.1,20.0,14.4,9.3,3.5,-3.4,35.9483,138.4717,13
411,421,å¥ë∫,-2.9,-2.0,0.9,7.8,14.7,16.3,22.5,22.1,16.7,11.1,4.5,-1.3,35.97,138.22,12
412,422,äJìcçÇå¥,-5.0,-4.7,-1.5,5.2,12.2,13.9,20.3,20.0,14.2,9.6,2.0,-3.6,35.9383,137.6017,13
413,423,ìÏñÿë],-0.8,0.1,3.3,9.8,15.9,17.8,23.4,23.3,18.3,13.6,5.8,0.2,35.61,137.62,1
414,424,î—ìc,1.1,2.1,4.8,11.3,17.8,19.8,25.6,25.4,20.2,14.5,7.6,2.1,35.5233,137.8217,3
415,425,òQçá,-2.3,-1.3,1.1,7.6,13.8,15.4,21.3,21.2,16.1,11.6,4.6,-1.2,35.3733,137.6917,12
416,426,ìÏêMîZ,1.0,2.4,5.0,11.5,17.9,19.7,25.7,25.5,20.1,14.8,7.5,2.0,35.3217,137.9317,3
417,427,î—ìá,-0.8,0.2,2.9,9.3,15.8,17.7,23.4,23.3,18.1,12.8,6.0,0.5,35.6533,137.8983,1
418,428,ñÿë]ïüìá,-1.3,-0.4,2.5,8.9,15.6,17.5,23.4,23.2,18.0,12.8,5.3,0.0,35.84,137.6883,1
419,429,à…ìﬂ,0.1,1.1,3.8,10.3,17.2,19.1,24.9,24.6,19.2,13.6,6.6,1.1,35.8267,137.955,15
420,430,èºñ{ç°à‰,-1.1,-0.1,2.6,9.9,16.7,18.2,24.3,24.1,18.5,12.7,6.4,0.6,36.1667,137.9217,1
421,431,å‰ìaèÍ,3.0,3.8,5.0,11.4,16.7,18.8,24.1,24.2,20.1,14.9,10.0,3.6,35.305,138.9267,17
422,432,ïxém,6.2,7.2,8.6,14.4,19.4,21.8,26.7,27.1,23.4,18.2,12.8,7.0,35.185,138.6633,0
423,433,ñ‘ë„,7.5,7.8,8.7,14.6,19.4,21.0,26.6,26.0,22.7,17.9,13.8,8.2,35.045,139.0917,0
424,434,éOìá,6.2,7.1,8.5,14.7,19.8,22.1,27.3,27.5,23.4,18.1,13.1,6.7,35.1133,138.925,0
425,435,àÓéÊ,7.5,8.1,8.8,14.6,19.1,21.0,26.2,26.2,23.1,18.2,14.1,8.4,34.7817,139.0483,0
426,436,èºçË,7.3,7.9,9.0,14.8,19.2,21.3,26.7,27.3,23.6,18.9,13.8,8.1,34.755,138.7833,0
427,437,êŒòLçË,8.5,8.9,9.7,14.5,18.8,20.7,25.5,26.2,23.7,19.2,15.0,9.5,34.6033,138.8417,0
428,438,å‰ëOçË,6.8,7.3,9.4,14.7,19.0,21.0,26.1,27.1,24.2,19.6,13.9,7.7,34.6033,138.2117,0
429,439,î÷ìc,6.0,6.7,8.9,14.5,19.3,21.3,26.8,27.4,23.7,18.6,12.8,6.7,34.6917,137.88,0
430,440,ïlèº,6.2,6.8,9.3,15.0,20.0,21.9,27.6,28.1,24.1,19.1,13.3,7.1,34.7083,137.7183,14
431,441,ìVó≥,5.7,6.3,8.4,13.8,18.9,21.2,26.6,27.0,23.1,18.3,11.9,6.3,34.89,137.8133,7
432,442,ç≤ãvä‘,2.5,3.4,6.0,12.3,18.2,20.3,26.0,26.2,21.3,16.5,9.0,3.2,35.0567,137.7617,16
433,443,êÏç™ñ{í¨,2.8,3.9,5.8,12.2,18.1,19.9,25.7,25.4,21.0,16.7,9.1,3.0,35.1017,138.1283,3
434,444,ê√â™,7.2,7.8,9.3,15.2,20.0,22.0,27.5,27.8,24.1,19.1,13.9,7.7,34.975,138.4033,14
435,445,ê¥êÖ,7.2,7.9,9.2,14.9,19.6,21.8,27.0,27.5,23.9,18.9,13.7,7.7,35.0533,138.5217,0
436,446,ê√â™ãÛç`,5.9,6.7,8.4,14.2,19.0,20.9,26.5,26.8,22.9,18.1,12.7,6.4,34.795,138.1883,0
437,447,ãeêÏñqîVå¥,4.7,5.4,7.5,13.4,18.2,20.2,25.7,26.1,22.3,17.4,11.5,5.3,34.785,138.1383,8
438,449,ãõí√,2.8,3.0,5.8,12.4,17.7,18.7,25.8,25.6,20.8,15.7,9.3,3.8,36.8217,137.4283,3
439,450,è„és,0.3,0.5,3.2,10.8,16.4,17.5,24.4,24.1,19.2,14.0,7.3,1.5,36.67,137.4233,15
440,451,ïxéR,3.3,3.6,6.6,13.4,18.7,19.8,26.8,26.7,22.0,16.6,10.1,4.4,36.7083,137.2017,16
441,452,èHÉñìá,2.8,3.2,6.3,13.3,18.8,19.9,26.6,26.5,21.7,16.3,9.9,4.2,36.6483,137.1867,16
442,453,î™îˆ,2.3,2.3,5.4,12.4,17.8,19.1,25.7,25.0,20.3,15.1,9.0,3.1,36.5783,137.1317,3
443,454,ìÏìvçÇã{,2.3,2.2,5.4,12.3,18.1,19.3,26.1,25.7,20.7,15.6,9.1,3.5,36.545,136.8717,3
444,455,ìvîg,2.3,2.5,5.6,12.4,18.0,19.2,25.9,25.8,21.0,15.7,9.3,3.7,36.61,136.955,3
445,456,ïXå©,2.4,2.7,5.3,11.4,17.0,18.3,25.6,25.7,20.8,15.9,8.7,3.7,36.8633,136.96,3
446,457,ïöñÿ,3.0,3.2,6.3,12.6,18.0,19.2,26.4,26.7,21.9,16.8,9.8,4.3,36.7917,137.055,16
447,458,âÕçá,-1.3,-1.5,1.7,7.6,15.3,17.1,23.6,23.6,17.6,13.2,5.2,-0.1,36.305,137.1,1
448,459,îíêÏ,-1.1,-1.3,1.7,8.3,15.4,17.2,23.5,23.5,17.8,13.2,5.5,0.1,36.2733,136.8967,1
449,460,ê_â™,-1.0,-1.1,2.7,9.3,16.2,17.7,24.2,24.1,18.3,13.4,6.0,0.6,36.3217,137.3083,1
450,461,ì»îˆ,-2.5,-2.2,1.1,7.5,14.6,16.0,22.2,22.3,16.7,11.8,4.3,-0.7,36.2483,137.5033,12
451,462,çÇéR,-1.2,-1.1,2.8,9.5,16.5,18.3,24.7,24.7,18.7,13.4,5.8,0.5,36.155,137.2533,1
452,463,ã{îVëO,-3.8,-3.7,-0.3,6.2,13.4,15.1,21.7,21.5,15.8,11.0,3.1,-2.3,36.015,137.3883,13
453,464,îãå¥,0.5,1.0,4.5,10.4,17.1,19.2,24.8,24.7,19.5,14.7,7.2,1.6,35.8883,137.2067,15
454,465,ã{ín,0.0,1.0,4.3,10.3,16.6,19.0,24.6,24.7,19.5,14.5,6.7,1.1,35.7633,137.2883,15
455,467,çïêÏ,0.0,0.7,3.3,9.9,16.0,18.1,23.8,23.9,19.0,14.2,6.8,1.0,35.5983,137.3183,15
456,468,íÜí√êÏ,1.3,1.9,4.9,11.6,17.9,20.1,25.6,25.5,20.8,15.6,7.8,2.1,35.4767,137.4867,3
457,469,åbìﬂ,1.3,2.0,5.0,11.7,17.8,19.9,25.5,25.5,20.6,15.5,7.8,2.1,35.4467,137.4033,3
458,470,ëΩé°å©,3.3,4.0,7.1,13.8,19.4,21.6,27.4,27.3,22.6,17.3,10.1,4.1,35.3467,137.1083,16
459,471,ëÂä_,4.5,4.7,8.0,14.2,20.0,21.9,27.8,27.7,23.1,17.8,11.1,5.5,35.3467,136.62,7
460,472,äÚïå,4.5,5.0,8.3,14.7,20.6,22.4,28.1,28.1,23.6,18.1,11.4,5.6,35.4,136.7617,7
461,473,î¸îZâ¡ñŒ,3.2,3.8,7.1,13.7,19.6,21.8,27.3,27.3,22.5,17.2,9.9,4.1,35.445,137.005,16
462,474,î¸îZ,3.0,3.6,6.7,13.2,19.0,21.1,26.5,26.6,21.9,16.9,9.8,4.0,35.5567,136.91,16
463,475,ä÷ÉPå¥,3.0,3.1,6.5,12.7,18.7,20.5,26.6,26.5,21.7,16.4,9.7,4.1,35.3633,136.4667,16
464,476,óKî„êÏ,3.8,4.2,7.4,13.8,19.9,22.0,27.4,27.4,22.6,17.5,10.4,4.9,35.485,136.5667,8
465,477,íMå©,1.2,1.4,4.8,11.3,17.0,19.1,24.6,24.6,19.6,15.0,7.8,2.0,35.6383,136.6033,15
466,478,í∑ëÍ,-0.2,0.0,3.0,9.6,16.0,17.9,23.7,23.6,18.4,14.0,6.2,0.6,35.925,136.8317,1
467,479,î™î¶,0.5,1.2,4.5,11.0,17.2,19.5,25.4,25.1,19.8,15.0,7.2,1.5,35.7567,136.9783,15
468,480,òZâX,-4.9,-4.7,-1.3,4.8,12.2,14.1,20.9,20.9,14.7,10.5,2.3,-3.7,36.06,137.0333,13
469,481,à§êº,4.2,4.6,7.9,14.0,19.9,21.8,27.5,27.6,22.8,17.3,10.7,5.2,35.2167,136.6983,8
470,482,ñºå√âÆ,4.8,5.2,8.4,14.7,20.5,22.4,28.1,28.1,23.6,17.9,11.5,5.7,35.1667,136.965,7
471,484,ÉZÉìÉgÉåÉA,6.3,6.1,8.8,14.2,19.5,21.4,27.3,27.9,23.5,18.4,13.1,7.6,34.8583,136.805,0
472,485,àÓïê,0.3,0.9,3.6,10.2,16.2,18.0,24.1,24.1,19.2,14.7,6.6,1.1,35.2117,137.5067,15
473,486,êVèÈ,4.3,5.1,7.4,13.4,18.6,20.7,26.5,26.7,22.3,17.4,10.9,4.8,34.9067,137.5167,8
474,487,ñLã¥,5.3,5.8,8.5,14.4,19.5,21.3,27.1,27.5,23.7,18.4,12.0,6.3,34.75,137.3417,7
475,488,à…ó«åŒ,6.0,6.2,8.8,14.6,19.7,21.5,27.5,28.1,23.9,18.7,12.6,7.3,34.6283,137.0933,7
476,489,äóåS,5.3,5.7,8.3,14.4,19.6,21.3,27.2,27.6,23.3,18.1,12.1,6.5,34.845,137.2167,7
477,490,â™çË,3.9,4.6,7.4,13.8,19.3,21.4,27.4,27.5,22.8,17.5,10.5,4.6,34.9183,137.1933,8
478,491,ìÏímëΩ,5.5,5.8,8.5,14.2,19.4,21.3,27.3,27.8,23.5,18.2,12.1,6.7,34.74,136.9383,7
479,492,éÏèF,3.3,3.4,5.3,11.2,16.7,18.0,25.4,25.5,20.8,15.9,9.0,3.9,37.4467,137.2867,17
480,493,ó÷ìá,3.8,3.6,6.0,11.8,17.4,18.4,26.0,25.9,21.2,16.2,9.6,4.4,37.3917,136.895,17
481,494,éOà‰,1.6,1.2,3.9,10.1,15.9,16.8,24.2,24.3,19.2,14.4,7.7,2.3,37.2933,136.9617,15
482,495,éuâÍ,4.0,3.7,5.8,11.6,17.2,18.9,25.9,26.6,21.5,16.2,10.3,5.2,37.1433,136.725,16
483,496,éµîˆ,2.9,3.0,5.3,11.7,17.2,18.5,25.7,25.7,20.9,15.8,9.3,4.0,37.03,136.9917,17
484,497,âHçÓ,3.9,3.8,6.3,12.4,17.8,19.3,26.2,26.7,21.9,16.5,10.2,5.1,36.8933,136.7767,16
485,498,Ç©ÇŸÇ≠,3.7,3.5,6.1,12.5,17.6,19.2,26.1,26.5,21.5,16.4,10.1,4.8,36.7117,136.6917,16
486,499,ã‡ëÚ,4.5,4.4,7.2,13.6,18.9,20.3,27.2,27.3,22.4,17.1,10.9,5.6,36.5883,136.6333,8
487,502,è¨èº,4.1,4.2,6.4,13.4,18.3,19.8,26.8,26.7,21.5,16.4,10.2,5.2,36.3817,136.435,16
488,503,éOçë,4.2,4.0,6.4,13.1,18.0,19.4,26.6,26.4,21.4,16.7,10.4,5.0,36.2433,136.1733,16
489,504,ètç],3.6,3.5,6.2,13.4,18.7,20.2,27.1,26.7,21.5,16.6,10.1,4.6,36.1417,136.2233,16
490,505,ïüà‰,3.7,3.6,6.7,13.7,19.1,20.7,27.5,27.3,21.9,16.8,10.1,4.6,36.055,136.2217,16
491,506,âzîU,5.8,5.5,7.8,14.3,18.9,20.2,27.3,26.9,22.3,17.6,12.4,6.9,36.0117,135.99,7
492,507,èüéR,1.5,1.2,4.5,12.0,17.8,19.5,25.9,25.7,20.4,15.6,8.3,2.2,36.0383,136.5217,3
493,508,ç°èØ,1.9,1.8,4.6,12.0,16.8,19.0,25.5,25.0,19.9,15.1,8.5,2.5,35.7667,136.2,3
494,509,ì÷âÍ,4.8,4.7,7.5,14.4,19.3,21.1,27.7,27.6,22.8,17.7,11.7,5.7,35.6533,136.0617,8
495,510,î¸ïl,4.5,4.2,6.7,13.6,18.5,20.4,27.3,27.1,22.4,17.3,11.0,5.4,35.6,135.9167,8
496,511,è¨ïl,4.0,3.7,6.7,13.7,18.6,20.4,27.3,26.8,21.9,17.0,10.6,5.0,35.4833,135.7817,16
497,512,ïƒå¥,2.0,2.2,5.4,12.1,17.8,19.4,25.8,25.5,20.6,15.6,8.9,3.1,35.3833,136.3433,3
498,513,í∑ïl,2.7,2.8,6.1,12.8,18.7,20.5,26.8,26.7,21.5,16.4,9.5,3.9,35.4233,136.2417,16
499,514,ç°í√,3.0,2.5,5.9,12.3,18.3,20.3,26.7,26.6,21.7,16.6,9.3,3.8,35.4117,136.0283,16
500,515,ïFç™,3.9,3.8,7.0,13.1,19.0,21.0,27.4,27.6,22.7,17.2,10.4,5.0,35.275,136.2433,8
501,516,ìåãﬂç],2.9,3.1,6.3,12.9,18.8,20.6,26.8,26.8,21.7,16.5,9.5,4.0,35.0617,136.19,16
502,517,ìyéR,2.3,2.5,5.6,12.1,17.9,19.5,25.8,25.7,20.8,15.8,9.2,3.4,34.9383,136.2783,3
503,518,êMäy,1.5,2.0,4.4,10.9,16.6,18.6,25.0,24.8,19.7,15.1,7.5,1.9,34.9133,136.08,15
504,520,ìÏè¨èº,3.6,3.4,6.6,12.6,18.5,20.5,26.7,27.0,22.2,17.1,10.1,4.8,35.235,135.9567,16
505,521,åKñº,4.5,4.9,8.2,14.2,19.9,21.8,27.6,27.9,23.2,17.5,11.2,5.6,35.05,136.6933,7
506,522,élì˙és,4.1,4.5,7.7,13.6,19.0,21.0,26.7,26.9,22.4,17.1,10.6,5.2,34.94,136.58,8
507,523,ãTéR,4.4,4.5,7.6,13.5,19.1,21.0,26.9,26.8,22.2,17.1,10.7,5.3,34.87,136.4533,8
508,524,è„ñÏ,3.6,3.9,6.6,13.1,19.0,20.8,27.1,27.0,21.9,16.6,9.7,4.0,34.7617,136.1417,16
509,525,í√,5.7,5.5,8.6,14.3,20.0,22.1,28.0,28.2,23.6,18.1,12.0,6.6,34.7333,136.5183,7
510,526,è¨ñì,5.0,5.0,8.0,13.9,19.5,21.5,27.4,27.5,22.9,17.6,10.9,5.6,34.5283,136.665,8
511,527,íπâH,5.2,5.3,7.9,13.8,18.7,20.8,26.9,27.0,22.6,17.6,11.2,6.0,34.4817,136.825,8
512,528,ìÏà…ê®,5.8,6.3,8.5,14.1,18.7,20.9,26.5,27.2,23.3,18.2,11.8,6.8,34.345,136.6817,7
513,529,ãIà…í∑ìá,6.3,6.7,8.9,14.3,18.9,21.1,26.2,26.9,23.2,18.3,12.1,6.9,34.2083,136.3267,0
514,530,îˆòh,6.6,7.3,9.2,14.8,19.3,21.4,26.4,27.2,23.4,18.5,12.8,7.2,34.07,136.1933,0
515,531,åFñÏêVé≠,7.1,7.5,9.4,15.4,19.7,21.6,26.6,27.6,23.7,19.3,13.3,7.7,33.9317,136.1383,0
516,532,äüå©,4.3,4.5,7.2,13.2,18.7,20.9,26.3,26.5,21.8,16.8,10.1,4.6,34.4483,136.39,16
517,533,êj,1.3,1.5,3.9,10.8,16.5,18.2,24.6,24.5,19.2,14.3,7.6,1.7,34.605,135.9533,15
518,534,å‹ûä,3.5,3.8,6.4,13.1,18.5,20.4,26.2,26.6,21.4,16.2,9.4,4.0,34.38,135.73,16
519,535,è„ñkéR,2.6,3.1,5.7,11.9,17.8,19.5,24.7,25.2,20.2,15.8,8.5,2.9,34.1367,136.005,3
520,536,ïóâÆ,3.0,3.5,6.1,12.3,18.3,20.0,25.1,25.7,20.8,16.3,9.3,3.6,34.045,135.7867,16
521,537,ëÂâFë…,2.0,2.2,4.8,11.7,17.3,19.1,25.3,25.2,19.9,14.9,8.1,2.5,34.4883,135.9317,3
522,538,Ç©Ç¬ÇÁÇ¨,4.0,4.3,6.8,13.4,18.6,20.4,26.3,26.8,21.6,16.3,9.9,4.4,34.31,135.5283,16
523,539,çÇñÏéR,-0.3,0.2,2.6,9.7,15.3,16.9,22.9,23.3,18.2,13.3,6.4,0.1,34.2217,135.59,1
524,540,óFÉPìá,7.0,6.8,8.8,14.5,18.9,20.8,26.4,27.7,23.6,18.4,13.3,7.8,34.28,135.0,0
525,541,òaâÃéR,6.5,6.9,9.1,15.7,20.5,22.6,28.4,29.1,24.2,18.6,12.8,7.1,34.2283,135.1633,14
526,543,ó¥ê_,2.2,2.8,5.2,11.8,17.0,19.2,24.3,25.4,20.2,16.3,8.7,2.7,33.945,135.5567,3
527,544,êÏï”,6.2,6.5,8.3,14.8,19.2,21.1,26.5,27.7,22.9,18.1,12.2,6.6,33.8933,135.2167,7
528,545,åIê≤êÏ,4.0,4.9,6.9,13.4,18.0,20.2,25.8,26.8,21.8,17.7,10.2,4.3,33.7917,135.5133,16
529,546,êVã{,7.8,8.4,10.2,16.3,20.3,22.2,27.3,28.2,24.6,19.9,14.1,8.3,33.6867,135.97,14
530,547,êºêÏ,4.0,5.1,7.1,13.3,18.3,20.3,25.7,26.4,21.7,17.7,10.2,4.1,33.6383,135.71,16
531,548,ìÏãIîíïl,7.2,7.6,9.4,15.6,19.7,21.5,26.9,28.1,24.1,19.2,13.4,7.5,33.6617,135.3633,14
532,549,í™ñ¶,8.3,8.8,10.3,16.1,19.9,21.6,26.6,27.6,24.4,19.8,14.3,8.5,33.45,135.7567,11
533,550,î\ê®,2.1,2.8,5.4,12.4,18.0,19.9,25.7,26.0,21.0,15.8,8.4,2.7,34.9483,135.455,3
534,551,ñLíÜ,5.0,5.3,8.4,15.0,20.7,22.5,28.6,29.1,23.9,18.2,11.6,6.0,34.7833,135.4383,7
535,552,ñáï˚,4.8,5.1,8.2,14.7,20.4,22.3,28.3,28.4,23.3,17.7,11.2,5.6,34.8083,135.6717,7
536,553,ê∂ãÓéR,1.1,1.2,3.9,11.0,16.2,17.7,23.7,23.6,18.9,13.6,7.9,1.6,34.675,135.6767,15
537,554,ëÂç„,6.2,6.3,9.2,15.7,21.1,22.7,28.8,29.2,24.4,18.4,12.6,7.0,34.6817,135.5183,14
538,555,ç‰,6.0,6.1,9.0,15.3,20.3,22.3,28.5,29.2,24.2,18.1,12.0,6.7,34.555,135.485,7
539,556,ä÷ãÛìá,7.0,6.8,9.1,15.0,19.9,21.9,27.7,28.6,24.3,18.8,13.5,7.9,34.4333,135.2317,14
540,557,åFéÊ,5.5,5.7,8.0,14.8,19.6,21.5,27.6,28.0,23.0,17.5,11.8,6.3,34.385,135.35,7
541,558,ä‘êl,5.7,5.4,7.7,14.1,18.5,20.0,26.7,26.7,22.3,17.7,11.9,6.0,35.7367,135.0867,8
542,559,ïëíﬂ,3.6,3.8,6.6,13.6,18.6,20.6,27.1,26.9,21.8,17.0,10.1,4.4,35.45,135.3167,16
543,560,ã{í√,4.3,4.2,6.6,13.6,18.1,20.0,26.8,26.7,21.7,17.1,10.5,5.0,35.55,135.235,16
544,561,î¸éR,1.4,1.6,4.4,11.3,16.7,18.7,25.0,24.9,19.8,15.0,7.8,2.3,35.275,135.55,15
545,562,âÄïî,1.9,2.8,5.3,12.5,18.4,20.4,26.3,26.4,21.0,15.9,8.0,2.8,35.1083,135.455,3
546,563,ïüíméR,3.0,3.7,6.4,13.7,18.8,20.8,27.3,27.1,21.7,16.7,9.3,3.8,35.3117,135.1133,16
547,564,ãûìs,4.8,5.1,8.2,14.8,20.9,22.5,28.4,28.7,23.7,18.0,11.2,5.6,35.015,135.7317,7
548,565,ãûìcï”,4.1,4.5,7.3,13.9,19.6,21.7,27.8,27.5,22.3,17.1,10.2,4.8,34.83,135.76,8
549,566,çÅèZ,4.7,4.4,6.7,13.6,18.0,19.5,26.3,26.0,21.4,16.8,10.6,4.9,35.625,134.6267,16
550,567,ñLâ™,3.5,3.4,6.4,13.8,18.6,20.6,27.4,27.0,21.5,16.8,9.8,4.3,35.535,134.8217,16
551,568,òaìcéR,2.2,2.8,5.7,13.0,18.3,20.1,26.5,26.1,20.6,15.8,8.9,3.1,35.3233,134.8483,3
552,569,ìeòañÏçÇå¥,0.9,0.8,3.1,10.8,16.3,17.5,24.0,23.4,18.4,13.8,7.8,1.4,35.4317,134.5833,15
553,570,ê∂ñÏ,1.6,2.1,5.0,12.3,17.8,19.6,26.1,25.8,20.4,15.3,8.7,2.7,35.1667,134.7917,3
554,571,îêå¥,2.7,3.5,6.1,13.6,18.9,20.6,26.9,26.7,21.5,16.4,9.4,3.8,35.1483,135.0467,16
555,572,êºòe,2.8,3.6,6.3,13.3,18.4,20.6,26.9,26.9,21.7,16.5,9.1,3.6,34.9983,134.9967,16
556,573,àÍã{,2.2,2.8,5.7,12.7,17.8,20.0,25.7,25.8,20.6,16.0,8.5,3.1,35.0967,134.585,3
557,574,ïüçË,3.5,4.1,7.0,13.8,19.0,21.3,27.1,27.6,22.5,17.2,9.8,4.2,34.95,134.7483,16
558,575,ïPòH,4.4,4.9,7.6,14.3,19.3,21.5,27.5,28.2,22.9,17.4,10.5,5.1,34.8383,134.67,8
559,576,è„åS,3.3,4.0,6.6,13.5,18.4,20.9,26.9,27.1,21.4,16.4,9.1,3.7,34.8583,134.3733,16
560,577,ñæêŒ,5.4,5.6,7.9,13.9,18.8,21.3,27.0,28.2,23.5,17.9,11.8,6.4,34.6867,134.8767,7
561,578,éOñÿ,4.0,4.4,7.1,14.1,19.3,21.2,27.3,27.7,22.6,17.2,10.9,5.2,34.7767,135.0133,8
562,579,ê_åÀ,6.3,6.4,9.2,15.6,20.7,22.5,28.2,29.1,24.5,18.9,12.9,7.2,34.6967,135.2117,14
563,580,éOìc,2.3,3.2,5.7,12.8,18.3,20.4,26.6,26.6,21.3,16.1,8.8,3.1,34.895,135.2117,16
564,581,åSâ∆,5.9,5.9,7.8,14.4,19.1,21.5,27.7,28.3,23.2,17.9,12.0,6.7,34.4667,134.8483,7
565,582,ê_åÀãÛç`,6.0,5.9,8.7,14.5,19.3,21.4,26.9,28.3,24.1,18.6,12.6,7.0,34.6317,135.2233,7
566,583,ã´,5.3,5.4,7.7,14.6,19.5,21.0,27.8,27.6,22.4,18.0,11.6,5.8,35.5433,133.235,7
567,584,ïƒéq,4.6,5.2,7.6,14.6,19.6,20.9,28.0,27.6,22.2,17.6,11.5,5.5,35.4333,133.3383,8
568,585,ëqãg,4.5,4.7,7.1,13.9,18.5,20.1,26.7,26.2,21.1,16.7,11.0,5.1,35.4733,133.8383,8
569,586,âñí√,5.5,5.6,7.5,14.0,18.3,20.2,26.9,26.7,21.9,17.4,11.9,6.3,35.5233,133.5667,8
570,587,ê¬íJ,4.8,4.9,7.0,13.3,17.7,19.7,26.5,26.3,21.3,17.0,11.0,5.3,35.52,133.9967,8
571,588,åŒéR,5.0,5.0,7.3,14.0,18.5,20.2,27.0,26.8,21.9,17.4,11.5,5.4,35.53,134.165,8
572,589,íπéÊ,4.5,4.6,7.2,14.5,19.2,21.1,27.8,27.3,22.0,17.4,11.2,5.0,35.4867,134.2383,8
573,590,ä‚à‰,4.0,3.6,6.1,13.0,17.5,19.5,26.2,25.8,20.8,16.5,10.3,4.2,35.5583,134.36,16
574,591,íqì™,1.7,1.5,4.7,12.4,17.1,19.2,25.7,25.4,19.8,15.4,8.1,2.5,35.2633,134.24,3
575,592,íÉâÆ,0.0,0.3,2.7,11.0,16.0,17.5,24.3,23.8,17.8,13.6,6.6,0.5,35.1867,133.23,1
576,593,è„í∑ìc,0.4,0.8,2.7,10.7,15.2,17.0,24.1,23.6,18.0,13.9,6.9,1.0,35.2967,133.725,15
577,594,êÁâÆ,0.1,0.3,2.7,10.5,15.4,17.0,23.6,23.3,17.6,13.3,6.2,0.6,35.1033,133.435,1
578,595,ãvê¢,2.2,2.7,5.5,12.7,18.2,20.0,26.2,26.2,20.3,15.6,8.1,2.9,35.0683,133.7533,3
579,596,í√éR,2.3,3.1,6.1,13.2,18.4,20.5,26.3,26.6,20.8,16.0,8.3,3.2,35.0633,134.0083,3
580,597,ç°â™,1.3,1.9,5.0,12.2,17.5,19.6,25.4,25.5,20.0,15.2,7.8,2.2,35.0983,134.325,3
581,598,êVå©,1.2,1.7,4.5,12.0,17.0,18.7,25.0,24.8,19.0,14.3,7.2,1.6,34.9433,133.5183,15
582,599,ïüìn,2.6,3.0,5.8,12.7,17.8,20.1,26.3,26.3,20.5,15.8,8.2,3.0,34.8667,133.9033,3
583,600,ì˙âûéõ,3.1,3.5,6.5,13.4,18.4,20.4,26.1,26.4,21.0,16.0,9.2,3.6,34.7567,133.855,16
584,601,òaãC,3.1,3.7,6.3,13.2,18.2,20.5,26.9,27.0,21.3,16.3,8.7,3.5,34.815,134.1833,16
585,602,íéñæ,4.5,4.6,7.0,13.7,18.7,21.1,27.4,28.0,22.5,17.4,10.5,5.0,34.6817,134.2067,8
586,603,â™éR,4.8,5.2,8.1,14.9,20.1,22.2,28.1,28.7,23.0,17.5,10.4,5.1,34.66,133.9167,7
587,604,ã ñÏ,5.9,6.0,8.3,14.5,19.6,21.9,27.2,28.8,23.8,18.2,11.6,6.2,34.4867,133.95,7
588,605,ëqï~,4.7,5.1,7.8,14.6,19.9,22.0,27.9,28.2,22.6,17.3,10.4,5.0,34.59,133.7683,8
589,606,ä}â™,5.0,5.2,7.9,14.5,19.5,21.8,27.9,28.6,22.9,17.7,10.9,5.2,34.5017,133.495,7
590,607,çÇó¿,3.1,3.5,6.5,13.5,19.0,20.9,27.0,27.1,21.1,16.2,8.8,3.2,34.7917,133.61,16
591,608,êºãΩ,5.0,5.0,6.7,13.4,18.1,19.4,26.1,26.1,21.6,17.1,11.6,5.3,36.2033,133.3333,8
592,609,äCém,5.9,5.9,7.1,14.0,18.7,20.0,26.7,26.5,21.8,17.4,12.2,6.5,36.0967,133.0967,8
593,610,é≠ìá,5.1,5.3,7.0,13.9,18.5,20.2,26.8,26.6,21.3,17.0,11.0,5.5,35.52,133.0217,8
594,611,èºç],4.8,5.1,7.5,14.6,19.4,20.9,27.6,27.4,22.1,17.5,11.1,5.5,35.4567,133.065,8
595,612,î„êÏ,4.8,5.3,7.2,14.2,18.9,20.6,27.3,27.0,21.5,17.1,10.9,5.3,35.4133,132.89,8
596,613,èoâ_,5.1,5.4,7.0,14.0,18.2,20.1,26.9,26.6,21.1,16.6,11.0,5.7,35.3317,132.73,8
597,614,â°ìc,0.8,1.0,3.7,11.8,16.8,18.4,25.1,24.7,18.8,14.4,7.4,1.3,35.1733,133.1033,15
598,615,ä|çá,2.7,3.1,5.3,13.3,18.1,19.3,26.5,25.7,19.8,15.3,9.0,3.6,35.1983,132.8167,3
599,616,ëÂìc,5.5,5.7,7.6,14.5,18.9,20.4,27.4,27.1,21.6,17.2,11.6,5.9,35.19,132.4967,8
600,617,ê‘ñº,0.5,0.8,3.3,11.2,16.1,17.8,24.4,23.9,18.1,13.5,7.0,1.0,35.0017,132.7117,15
601,618,êÏñ{,3.2,3.6,5.7,13.4,17.9,19.6,26.3,25.9,20.2,15.7,9.2,3.7,34.9767,132.4917,16
602,619,êêï‰,0.8,1.3,3.9,11.6,16.6,18.2,24.9,24.5,18.5,13.9,6.9,1.5,34.8533,132.53,15
603,620,ïlìc,6.5,7.0,8.3,14.9,19.1,20.6,27.4,27.3,21.9,17.4,12.7,7.1,34.8967,132.07,0
604,621,ñÌâh,1.4,2.2,4.0,11.9,16.4,18.0,24.7,24.2,18.7,14.2,7.8,2.0,34.7767,132.1083,15
605,622,âvìc,6.0,6.7,8.2,15.1,19.6,21.3,28.4,27.9,22.4,17.9,12.4,6.5,34.6767,131.8433,7
606,623,çÇí√,5.7,6.1,7.7,14.3,18.5,20.1,27.0,26.6,21.5,17.2,11.8,6.0,34.675,131.79,8
607,624,í√òañÏ,3.1,4.2,6.1,14.0,19.1,20.8,27.2,26.6,21.0,16.2,9.5,3.4,34.4617,131.77,16
608,625,ãgâÍ,2.3,3.1,5.2,12.8,17.4,19.3,25.7,25.2,19.6,15.4,8.5,2.4,34.3917,131.8933,3
609,626,çÇñÏ,-0.1,0.1,2.3,10.3,15.4,17.1,23.9,23.4,17.5,13.2,6.0,0.0,35.0333,132.9017,1
610,627,èØå¥,1.1,1.6,4.8,12.2,17.4,19.2,25.6,25.3,19.3,14.7,7.2,1.6,34.86,133.0233,3
611,628,éOéü,1.8,2.5,5.4,12.7,18.0,20.0,26.5,26.1,20.1,15.5,8.1,2.4,34.8117,132.85,3
612,629,ñ˚ñÿ,0.0,0.7,3.0,10.4,15.4,17.2,23.8,23.6,17.6,12.9,5.7,0.0,34.7633,133.2783,1
613,631,ïüéR,4.7,5.1,7.8,14.3,19.4,21.6,27.6,28.3,22.6,17.5,10.6,5.1,34.4467,133.2467,8
614,632,ê¢óÖ,1.0,2.0,4.4,11.8,17.1,19.0,25.2,25.3,19.3,14.5,7.1,1.5,34.5833,133.05,15
615,633,ñ{ãΩ,3.3,3.7,6.4,13.3,18.0,20.0,25.6,26.0,20.9,15.8,9.5,3.4,34.435,132.9183,16
616,634,í|å¥,5.9,5.9,8.1,13.5,17.7,20.0,25.0,27.1,22.6,17.6,11.5,6.3,34.33,132.9817,8
617,635,ê∂å˚ìá,6.4,6.3,8.3,14.3,18.9,21.1,26.6,28.4,23.4,18.1,12.0,6.8,34.2783,133.1233,7
618,636,å‡ésäóä†,6.9,7.0,9.1,14.6,18.7,21.2,26.2,27.4,23.2,18.3,13.0,7.4,34.165,132.7483,0
619,637,å‡,6.2,6.6,9.0,15.2,19.9,22.0,27.6,28.3,23.4,18.7,12.5,6.7,34.24,132.55,7
620,638,ëÂí|,5.5,6.1,8.6,15.3,20.2,22.3,28.1,28.7,23.4,18.5,12.0,5.7,34.2217,132.22,7
621,639,ì˘ì˙ésí√ìc,1.3,2.4,4.9,12.4,17.3,19.5,25.8,25.7,19.9,15.3,8.0,1.7,34.365,132.19,3
622,640,çLìá,5.5,6.1,8.8,15.6,20.6,22.5,28.4,29.0,23.4,18.4,11.9,5.8,34.3983,132.4617,7
623,641,éOì¸,3.1,3.9,6.8,13.8,18.8,20.8,26.9,27.0,21.3,16.6,9.6,3.5,34.545,132.53,16
624,642,â¡åv,2.0,2.6,5.4,12.8,18.1,19.9,26.1,25.8,19.8,15.4,8.6,2.1,34.61,132.32,3
625,643,ëÂí©,0.7,1.0,3.8,11.5,16.5,18.2,24.8,24.4,18.4,14.0,7.0,1.3,34.7683,132.4633,15
626,644,ê{ç≤,5.2,5.9,7.0,13.9,18.1,20.0,26.9,26.3,21.0,16.6,11.2,5.6,34.615,131.6233,8
627,645,îã,6.2,6.9,8.3,14.7,19.4,21.2,28.0,27.5,22.4,17.9,12.5,6.5,34.41,131.405,7
628,646,ñ˚íJ,6.2,6.8,8.5,15.0,19.4,21.1,27.9,27.6,22.5,18.1,12.5,6.2,34.37,131.055,7
629,647,ñLìc,3.7,4.6,6.8,13.4,18.3,20.4,26.8,26.4,21.1,16.8,9.8,3.8,35.1317,137.1767,16
630,648,èHãgë‰,3.4,4.3,6.8,13.4,17.9,19.7,25.6,25.7,20.5,16.1,9.6,3.4,34.235,131.3067,16
631,650,ñhï{,5.2,6.0,8.4,15.0,19.7,22.1,27.9,28.3,22.8,18.4,11.7,5.4,34.04,131.5333,7
632,652,âFïî,6.0,6.7,8.7,14.4,19.2,21.6,27.3,28.2,23.3,18.7,12.7,6.5,33.93,131.2783,7
633,653,â∫èº,5.6,6.2,8.4,15.1,19.5,21.9,27.6,28.2,22.7,18.2,12.0,5.8,34.0217,131.8733,7
634,654,ãËâœ,3.5,4.3,7.0,14.0,18.7,21.1,27.0,27.3,21.6,17.2,9.9,3.5,34.095,132.075,16
635,655,ä‚çë,4.6,5.2,7.5,14.5,19.4,21.3,27.5,27.7,22.1,17.4,10.8,4.7,34.155,132.1783,8
636,656,ñˆà‰,5.0,5.5,8.0,14.4,18.9,21.3,26.8,27.7,22.6,18.2,11.4,5.0,33.9583,132.1133,8
637,657,à¿â∫èØ,6.1,6.5,8.6,14.5,18.8,21.0,26.5,27.3,22.7,18.4,12.4,6.0,33.9033,132.2917,7
638,658,çLê£,2.8,3.6,6.4,13.4,18.5,20.7,26.7,26.7,20.8,16.4,9.2,2.9,34.2617,131.9517,16
639,659,ìøç≤,1.9,2.9,4.8,12.8,17.9,19.5,26.1,25.6,19.9,15.4,8.6,2.2,34.3983,131.725,3
640,661,ëΩìxí√,6.6,6.7,9.0,15.2,20.2,22.2,27.8,29.0,23.8,18.3,12.2,6.9,34.275,133.7517,14
641,662,ëÍã{,4.7,5.0,7.5,14.4,19.3,21.5,27.5,27.9,22.0,16.8,10.2,4.9,34.2367,133.9233,8
642,663,ç‡ìc,4.7,5.0,7.4,14.3,18.9,21.3,27.3,27.7,22.2,17.0,10.3,4.9,34.12,133.7717,8
643,664,à¯ìc,5.9,6.0,8.0,14.8,19.3,21.3,27.3,27.8,23.1,18.1,11.7,6.1,34.2133,134.4067,7
644,665,çÅìÏ,4.5,4.8,7.2,14.2,19.0,20.9,26.8,27.3,21.7,16.5,10.4,4.8,34.2133,134.015,8
645,667,ãûè„,1.5,2.4,4.5,11.5,16.4,18.5,23.9,24.2,18.7,14.4,7.6,1.6,33.8667,133.9033,15
646,668,ñÿì™,2.9,3.9,6.2,12.7,17.6,19.8,24.5,25.1,20.2,15.9,8.9,2.6,33.7717,134.205,3
647,669,äCóz,6.0,6.8,8.7,14.9,19.2,21.4,26.8,27.7,23.4,18.9,12.5,6.5,33.6117,134.355,7
648,670,ì˙òaç≤,7.2,7.7,9.6,15.3,19.6,21.9,26.9,28.0,24.1,19.2,13.2,7.6,33.7317,134.5383,14
649,671,äóê∂ìc,7.1,7.3,9.1,15.1,19.2,21.2,26.8,28.0,23.9,18.9,13.3,7.7,33.8367,134.7417,0
650,672,ìøìá,6.6,6.8,9.2,15.5,20.4,22.5,27.9,28.9,24.1,18.6,12.4,6.9,34.0667,134.5733,14
651,673,åäêÅ,4.8,5.0,7.4,14.4,19.2,21.2,26.7,27.2,21.6,16.5,10.2,4.7,34.04,134.1567,8
652,674,ñ{êÏ,1.8,2.1,4.3,11.3,15.7,17.9,23.5,23.7,18.4,14.5,7.9,1.7,33.765,133.3383,15
653,675,ëÂì»,4.7,5.3,7.8,14.2,18.9,21.2,26.5,27.2,22.1,17.9,10.5,5.0,33.6983,133.875,8
654,676,é∫åÀñ¶,7.9,8.1,9.6,15.4,19.1,20.9,25.9,27.0,23.6,19.0,14.0,7.9,33.2517,134.1767,0
655,677,à¿å|,7.9,8.3,10.4,16.3,20.0,22.4,27.4,28.6,24.4,20.0,13.7,7.6,33.4883,133.9333,14
656,678,çÇím,7.1,7.5,10.2,16.3,20.4,22.9,27.8,28.9,24.2,19.6,12.9,6.8,33.5667,133.5483,14
657,679,å„ñ∆,6.5,6.9,9.7,15.8,19.8,22.2,27.2,28.3,23.7,19.4,12.4,6.3,33.59,133.6433,14
658,680,ê{çË,6.8,7.0,9.5,15.5,19.1,21.9,26.9,28.0,23.3,19.0,12.4,6.4,33.385,133.2767,14
659,681,åEêÏ,4.4,4.6,7.5,14.3,18.0,20.7,26.0,26.7,21.7,17.6,10.4,3.9,33.2067,133.1283,8
660,682,ç≤âÍ,6.9,7.1,9.8,16.1,19.3,21.9,27.3,28.3,23.6,19.3,12.5,6.3,33.0783,133.1017,14
661,683,ç]êÏçË,4.9,5.3,8.1,14.7,18.9,21.5,27.2,27.7,22.5,18.2,11.0,4.6,33.17,132.7917,8
662,684,ìéå¥,2.8,2.9,5.5,12.4,16.8,19.1,24.6,24.7,19.7,16.0,8.7,2.4,33.39,132.9217,3
663,685,íÜë∫,5.7,6.6,9.1,15.5,19.4,21.9,27.3,28.2,23.2,19.0,11.8,5.5,32.99,132.92,7
664,686,èhñ—,7.8,8.5,10.4,16.4,19.6,22.2,27.6,28.3,24.0,20.0,13.6,7.6,32.92,132.695,14
665,688,ëÂéOìá,5.3,5.3,7.5,13.6,18.1,20.3,26.1,27.1,21.9,16.9,10.8,5.7,34.25,133.0067,8
666,689,ç°é°,6.0,6.2,8.3,14.7,19.5,21.4,27.4,28.1,22.9,17.7,11.5,6.3,34.0767,132.99,7
667,690,êVãèïl,5.6,5.8,8.2,14.7,19.7,21.6,27.5,27.9,22.5,17.3,11.3,5.9,33.96,133.2817,7
668,691,élçëíÜâõ,6.0,6.4,8.5,15.2,20.0,22.0,27.9,28.6,22.9,17.7,11.9,6.5,33.9817,133.5817,7
669,692,êºè,6.0,6.1,8.2,14.8,20.0,21.9,27.9,28.3,22.9,17.8,11.6,6.1,33.915,133.08,7
670,693,ãvñú,1.8,2.1,4.4,11.8,16.7,19.1,25.2,25.0,19.6,15.2,7.8,1.5,33.6633,132.895,3
671,694,èºéR,6.6,7.0,9.2,15.7,20.2,22.5,28.5,28.8,23.7,18.8,12.7,6.8,33.8433,132.7767,14
672,695,èºéRìÏãgìc,7.0,7.3,9.2,15.0,19.1,21.4,26.8,27.7,23.6,18.9,13.1,7.3,33.8267,132.6983,0
673,697,ëÂèF,5.6,5.8,8.0,14.9,19.2,22.0,28.0,28.0,22.6,18.2,11.2,5.4,33.5083,132.535,7
674,698,ê£åÀ,7.4,7.3,8.9,14.6,18.5,20.6,26.2,26.6,22.4,18.4,13.6,7.5,33.4467,132.2567,0
675,699,ãﬂâi,4.8,5.1,7.6,14.4,18.7,21.0,26.9,27.1,22.0,17.8,10.8,4.6,33.2533,132.675,8
676,700,âFòaìá,7.4,7.6,9.7,16.1,19.8,22.2,28.2,28.4,23.7,19.5,13.2,7.3,33.2267,132.5517,14
677,701,âFòa,4.6,5.1,7.1,14.3,18.5,21.1,26.8,26.9,21.9,17.6,10.6,4.3,33.3667,132.5033,8
678,702,å‰ëë,7.5,8.2,9.8,16.1,19.6,22.0,27.4,28.2,23.5,19.6,13.4,7.4,32.9633,132.57,14
679,704,ãÛç`ñkí¨,7.1,7.4,9.3,14.7,19.6,22.0,27.8,28.6,23.8,19.3,13.5,7.4,33.845,131.035,14
680,705,çsã¥,5.7,6.4,8.5,15.0,20.0,22.1,28.1,28.1,22.9,18.5,11.6,5.8,33.7117,130.975,7
681,706,î—íÀ,5.7,6.5,8.6,15.4,20.1,22.2,28.4,28.0,22.7,18.2,11.6,5.7,33.6517,130.6933,7
682,707,ìYìc,5.1,5.8,8.0,15.0,19.4,21.6,27.5,27.0,22.0,17.6,10.8,5.0,33.56,130.8533,8
683,708,ïüâ™,7.4,8.3,10.5,16.5,21.0,23.1,29.4,29.5,24.3,19.8,13.6,7.4,33.5817,130.375,14
684,709,ëOå¥,6.8,7.5,9.6,15.7,20.1,22.3,28.9,28.8,23.4,19.2,12.8,7.0,33.56,130.1917,14
685,710,í©ëq,5.0,5.9,8.5,15.4,19.9,22.7,28.2,28.0,22.7,18.5,11.3,4.8,33.405,130.695,7
686,711,çïñÿ,4.5,5.0,7.8,14.9,19.0,21.8,27.4,27.3,22.0,17.9,10.5,3.9,33.2233,130.6467,8
687,712,ãvóØïƒ,6.2,6.8,9.7,16.3,20.9,23.7,28.9,29.1,23.8,19.5,12.5,5.9,33.3017,130.4917,14
688,713,ëÂñ¥ìc,5.8,6.5,8.9,15.9,19.9,22.6,28.0,28.4,23.0,18.9,11.8,5.6,33.0067,130.4667,7
689,714,ëæç…ï{,5.8,6.7,9.2,15.8,20.3,22.8,28.6,28.7,23.4,19.0,12.0,5.7,33.5133,130.5,7
690,715,ñLå„çÇìc,5.7,6.3,8.4,14.6,19.4,21.9,27.9,27.8,22.7,18.3,11.9,5.9,33.57,131.4333,7
691,716,çëå©,6.6,6.9,8.8,14.9,19.6,21.9,28.0,28.0,23.0,18.8,12.5,6.6,33.675,131.59,7
692,717,íÜí√,5.9,6.5,8.6,15.0,19.7,22.0,28.2,28.1,23.1,18.5,12.0,6.1,33.5867,131.245,7
693,718,ì˙ìc,4.6,5.4,8.1,15.5,20.1,22.9,28.2,28.1,22.8,18.3,10.8,4.2,33.3217,130.9283,7
694,719,ãËéÏ,2.5,3.2,5.7,13.3,17.7,20.3,26.0,25.8,20.5,16.2,8.5,2.2,33.2917,131.155,3
695,720,ìíïzâ@,2.4,3.3,5.4,12.7,17.4,19.6,25.4,25.0,19.8,15.8,8.4,2.2,33.2533,131.3467,3
696,721,ãníz,5.8,6.2,8.4,14.7,19.0,21.8,27.4,27.8,22.9,18.5,11.5,5.8,33.4167,131.5967,7
697,722,â@ì‡,4.4,5.2,7.2,14.4,19.2,21.5,27.4,26.9,21.7,17.4,10.1,4.5,33.42,131.3167,8
698,723,ëÂï™,7.0,7.5,9.4,15.7,20.2,22.5,28.3,28.7,23.5,19.2,12.7,7.1,33.235,131.6183,14
699,724,ç≤îå,6.8,7.2,9.2,15.6,19.4,22.0,27.6,28.0,23.1,19.1,12.5,6.5,32.95,131.9017,14
700,725,äóç],8.2,8.8,10.5,16.4,19.6,22.0,26.9,28.1,24.0,19.9,14.0,7.9,32.795,131.9233,14
701,726,âFñ⁄,4.2,4.8,7.2,14.1,17.9,20.5,26.3,26.4,21.3,17.1,10.2,3.7,32.845,131.675,16
702,727,í|ìc,4.1,4.9,6.9,14.5,18.9,21.0,26.7,26.6,21.3,17.0,10.0,3.7,32.9733,131.3983,16
703,728,å¢éî,5.1,5.8,7.9,15.0,19.2,21.6,27.4,27.1,21.9,17.7,10.7,4.7,33.065,131.6317,8
704,729,å√ç],7.6,8.1,10.0,15.9,19.0,21.8,26.9,27.8,23.5,19.4,13.4,7.4,32.7117,131.82,14
705,730,çÇêÁï‰,3.9,4.4,6.7,13.8,17.8,20.1,25.8,25.9,20.7,16.9,9.7,3.4,32.7117,131.29,16
706,731,à∆â™,2.0,2.7,5.2,12.3,16.4,18.8,24.2,23.9,19.4,15.6,8.3,1.7,32.6433,131.1567,3
707,732,âÑâ™,7.2,7.7,9.8,16.2,19.6,22.0,27.4,28.3,23.3,19.4,12.9,6.6,32.5817,131.6567,14
708,733,ì˙å¸,7.0,7.5,9.6,16.1,19.3,21.7,27.3,27.9,23.2,19.0,12.8,6.4,32.4083,131.6,14
709,734,ê_ñÂ,4.1,4.9,7.6,14.3,18.1,20.8,26.1,26.5,21.3,17.5,10.2,3.3,32.385,131.3317,16
710,735,êºïƒó«,4.8,5.4,8.0,14.4,18.4,20.9,26.2,26.5,21.7,18.1,10.6,4.2,32.23,131.1517,8
711,736,êºìs,6.9,7.5,10.0,16.5,19.5,21.9,27.6,28.2,23.5,19.7,13.0,6.3,32.0617,131.4133,14
712,737,ã{çË,8.1,8.7,10.6,17.3,20.5,22.6,28.5,29.0,24.2,20.4,14.0,7.6,31.9383,131.4133,11
713,738,ñ˚í√,9.0,9.6,11.4,17.5,20.5,22.4,28.0,28.8,24.8,21.3,15.0,8.7,31.5783,131.4067,11
714,739,ã¯ä‘,8.1,8.3,10.6,17.0,20.1,22.3,27.7,28.5,24.8,21.0,14.0,7.7,31.465,131.22,11
715,740,ìsèÈ,6.4,7.0,9.5,16.2,20.1,22.3,27.5,28.1,23.6,19.7,12.7,5.8,31.73,131.08,14
716,741,è¨ó—,6.4,6.6,8.9,15.6,19.6,21.6,27.0,27.5,23.0,19.1,12.4,5.8,32.0,130.955,7
717,742,â¡ãvì°,5.3,5.7,8.4,15.1,19.1,21.6,26.8,27.1,22.7,19.1,11.5,4.8,32.0467,130.81,7
718,743,ñºê£,15.4,14.7,16.4,20.3,22.2,25.4,29.2,29.6,27.5,25.4,20.3,15.6,28.3783,129.495,19
719,744,âÆãvìá,12.3,12.0,13.4,18.0,20.4,23.1,27.6,28.4,25.7,23.3,17.5,12.0,30.385,130.6583,11
720,745,éÌéqìá,12.0,12.0,13.2,18.1,20.5,23.2,28.3,28.7,26.0,23.1,17.4,11.7,30.72,130.9817,11
721,747,ì‡îVâY,8.4,8.8,10.7,16.9,19.6,21.9,27.2,27.7,23.9,20.9,14.0,8.1,31.2767,131.055,11
722,748,éuïzéu,7.6,8.0,10.1,16.6,19.5,21.8,27.1,27.5,23.6,19.9,13.3,6.9,31.4783,131.095,14
723,749,é≠âÆ,7.6,7.9,10.4,16.5,19.9,22.2,27.8,28.2,24.3,20.7,13.6,7.1,31.39,130.8633,14
724,750,éwèh,9.0,9.3,11.3,16.8,20.2,22.7,28.6,28.9,25.0,21.6,15.0,8.7,31.2483,130.6367,11
725,751,ñççË,9.3,9.6,11.4,17.2,19.9,22.5,28.3,28.7,25.0,21.7,15.0,8.6,31.2717,130.2933,11
726,752,äÏì¸,8.5,8.9,11.0,17.0,20.1,22.5,28.7,29.0,24.9,21.7,14.5,8.3,31.3867,130.54,11
727,753,â¡ê¢ìc,8.5,8.9,11.0,17.0,20.0,22.8,28.6,28.9,24.7,21.3,14.4,8.0,31.415,130.325,11
728,754,é≠éôìá,9.0,9.2,11.6,17.5,21.1,23.3,29.2,29.7,25.7,22.4,15.3,8.7,31.5533,130.5467,11
729,755,ìåésóà,8.0,8.1,10.5,16.4,19.5,22.1,28.0,28.4,24.5,21.1,14.2,7.7,31.6683,130.3267,11
730,757,ëÂå˚,4.8,5.1,8.0,14.9,18.6,21.4,27.1,27.1,22.8,19.2,11.1,4.3,32.0467,130.6267,8
731,758,à¢ãvç™,8.4,8.7,10.5,16.5,19.3,22.0,27.8,28.0,23.8,20.3,14.1,8.0,32.0267,130.2,11
732,759,ñqîVå¥,5.5,5.8,7.8,14.2,17.9,20.1,25.6,25.8,21.9,18.2,11.8,5.1,31.6617,130.8433,8
733,760,ãPñk,5.8,6.2,8.0,14.5,18.3,20.3,25.9,26.1,22.0,18.2,11.7,5.3,31.5883,130.855,8
734,761,é≠ñk,3.9,4.5,7.2,14.7,18.7,21.5,27.1,27.1,21.9,17.9,9.9,3.2,33.115,130.6917,8
735,762,ìÏè¨çë,2.1,2.9,5.4,12.9,17.4,19.9,25.3,25.3,20.0,15.7,8.1,1.7,33.1033,131.0667,3
736,763,à¢ëhâ≥ïP,2.1,2.9,5.4,12.8,17.0,19.5,25.0,24.9,19.8,15.7,8.1,1.6,32.94,131.04,3
737,764,à¢ëhéR,-1.4,-0.4,2.1,9.5,13.9,16.3,21.1,21.4,17.2,13.1,6.5,0.2,32.88,131.0733,9
738,765,çÇêX,2.4,3.1,5.6,12.8,17.0,19.4,24.9,24.9,20.1,16.2,9.1,1.9,32.8217,131.125,3
739,766,åFñ{,6.2,6.9,9.8,16.5,20.7,23.3,28.5,29.1,24.0,19.9,12.4,5.9,32.8133,130.7067,14
740,767,ãeír,4.7,5.4,8.4,15.6,19.9,22.6,28.1,28.4,23.1,19.1,11.0,4.2,32.9467,130.7817,7
741,768,èºìá,6.9,7.5,9.6,16.0,19.4,22.3,27.8,28.3,23.5,20.1,13.1,7.0,32.515,130.4467,14
742,769,î™ë„,6.7,7.4,9.6,16.3,20.1,22.7,28.2,28.4,23.4,19.6,12.8,6.6,32.4733,130.6067,14
743,770,ãçê[,9.1,9.4,11.2,16.9,20.1,22.6,28.1,28.9,24.7,21.3,15.0,8.8,32.1967,130.0267,11
744,771,êÖñì,7.0,7.5,9.5,16.1,19.6,22.1,28.0,28.1,23.4,19.8,13.1,6.7,32.205,130.4067,14
745,772,êlãg,4.8,5.5,8.4,15.2,19.1,21.8,27.3,27.6,22.8,19.0,10.8,4.3,32.2167,130.755,7
746,773,ìÇí√,6.8,7.4,9.5,15.6,19.6,21.8,28.1,27.9,23.1,19.3,12.7,6.8,33.4583,129.955,14
747,774,à…ñúó¢,5.9,6.5,8.7,15.5,19.3,21.9,28.1,28.1,22.6,18.6,11.7,5.8,33.2667,129.8783,7
748,775,äñÏ,5.1,5.6,8.0,15.1,19.2,21.7,27.5,27.5,22.1,18.0,10.7,4.8,33.1167,129.995,8
749,777,êÏïõ,5.5,6.2,8.9,15.3,19.5,22.4,27.8,28.2,22.8,18.7,11.4,5.2,33.1483,130.3017,7
750,779,î¸í√ìá,6.2,6.8,9.6,15.1,19.1,21.2,27.0,27.2,22.9,19.0,12.7,6.0,34.285,129.33,0
751,780,à∞ï”,6.6,6.9,9.3,14.6,18.5,20.7,26.5,26.8,22.5,18.7,12.7,6.3,33.8,129.7217,0
752,781,ïΩåÀ,7.6,7.8,9.9,15.3,18.8,21.0,26.8,27.0,22.9,19.4,13.5,7.6,33.36,129.55,0
753,782,èºâY,7.2,7.6,9.6,15.7,19.4,21.7,28.2,27.9,23.0,19.3,13.0,7.3,33.3417,129.7117,14
754,783,ç≤ê¢ï€,7.4,7.7,10.4,16.3,20.0,22.7,28.3,29.0,24.1,20.4,13.5,7.4,33.1583,129.7267,14
755,784,ëÂê£åÀ,7.9,8.2,10.2,15.6,18.6,21.1,26.7,27.1,22.7,19.2,13.6,7.9,32.9483,129.6333,0
756,785,í∑çË,7.5,8.0,10.3,16.4,19.8,22.6,28.3,28.7,24.0,20.3,13.6,7.6,32.7333,129.8667,14
757,786,ñÏïÍçË,7.5,7.7,9.4,14.9,18.2,20.7,26.2,26.7,22.4,19.1,13.4,7.4,32.5783,129.74,0
758,787,å˚îVí√,7.6,7.9,10.1,16.2,19.4,22.0,27.6,28.1,23.7,20.2,13.6,7.6,32.6117,130.1933,14
759,788,â_êÂäx,2.9,3.0,5.5,12.2,16.1,18.5,23.6,24.0,19.6,16.0,9.2,2.5,32.7367,130.2617,17
760,789,ìáå¥,7.2,7.9,10.1,16.4,20.2,22.8,28.0,28.9,23.6,19.8,13.0,7.0,32.7417,130.3733,14
761,790,ïüç],8.1,8.4,10.1,16.1,19.2,21.8,27.7,27.9,23.2,20.1,13.9,8.0,32.6933,128.8267,14
762,791,óLêÏ,8.3,8.6,10.4,16.2,19.4,21.9,28.3,28.1,23.7,20.5,14.4,8.7,32.9817,129.1183,11
763,792,âú,15.5,14.2,15.6,19.0,21.3,24.1,27.4,27.9,26.3,24.4,20.0,15.2,26.835,128.2717,19
764,793,ñºåÏ,17.6,16.4,17.7,21.1,23.6,26.4,29.6,30.2,28.7,26.7,22.2,17.3,26.5933,127.965,4
765,794,ìﬂîe,18.4,17.1,18.3,21.6,24.2,26.6,29.9,30.4,28.9,27.0,22.8,18.0,26.2067,127.685,4
766,795,éÖêî,16.6,15.2,16.4,19.7,22.2,24.8,27.8,28.6,27.0,25.0,20.9,16.1,26.1533,127.765,19
767,796,à¿éüó‰,18.7,17.4,18.5,21.7,24.3,26.7,29.8,30.4,29.0,27.2,23.0,18.3,26.195,127.645,4
768,797,ìnâ√ï~,16.8,15.4,16.5,19.6,22.2,24.7,27.5,28.2,26.8,25.1,21.0,16.3,26.21,127.3633,19
769,798,åcó«ä‘,18.6,17.2,18.3,21.2,23.8,26.1,29.0,29.7,28.4,26.8,22.8,18.4,26.1683,127.2933,4
770,799,èóñûï ,-7.8,-5.9,-2.2,5.5,11.8,13.4,20.8,18.6,15.3,8.2,1.7,-6.0,43.88,144.1633,6
771,800,ñ‰ï è¨å¸,-5.6,-4.4,-1.5,5.3,11.3,12.0,19.4,18.2,15.7,8.7,2.4,-3.6,44.3033,143.4033,18
772,801,ìåê_äy,-9.2,-6.4,-2.7,5.3,12.9,14.4,21.5,19.3,14.3,7.3,1.2,-5.7,43.67,142.4467,6
773,803,çÇîã,4.1,5.2,6.4,12.0,17.1,19.0,23.5,24.0,21.0,15.8,10.7,5.4,36.7067,140.7167,17
774,804,îéëΩ,6.8,7.5,10.0,16.3,20.7,23.0,29.0,29.1,23.9,19.6,13.2,6.8,33.5833,130.4517,14
775,805,ê∫ñ‚,-5.9,-4.1,-1.5,4.6,9.8,11.8,18.4,18.0,14.9,8.6,1.7,-3.9,45.4033,141.8,18
776,806,ñ{îë,-4.4,-3.1,-0.5,5.2,10.5,12.1,18.8,18.7,16.1,9.5,2.2,-3.5,45.2417,141.1867,2
777,807,ç™é∫íÜïWí√,-8.4,-5.5,-2.9,3.8,10.1,12.0,19.3,16.9,14.6,8.2,2.3,-5.6,43.5767,144.96,18
778,808,ê¨ìc,4.2,5.5,7.1,13.6,18.6,20.8,26.1,25.4,22.0,16.6,11.2,5.5,35.7633,140.385,8
779,809,â∫ç»,3.4,5.0,7.0,13.3,19.1,21.0,26.3,25.2,21.8,16.0,9.6,4.4,36.1683,139.945,16
780,810,äÃïtëOìc,7.9,8.1,10.3,16.8,20.2,22.2,28.0,28.2,24.0,20.3,13.5,7.2,31.34,130.9383,14
781,811,çaï”,5.8,6.1,8.4,15.1,18.7,21.0,26.3,26.8,22.6,19.2,11.9,5.2,31.8033,130.7183,7
782,812,óºí√,3.2,3.5,6.1,11.4,17.0,18.2,25.7,26.3,22.0,16.7,9.9,4.4,38.0733,138.44,17
783,813,çXï ,-9.5,-6.7,-2.3,5.1,12.4,13.3,20.5,17.5,15.2,8.1,1.5,-6.5,42.6483,143.19,5
784,814,óNï ,-6.6,-5.2,-2.1,5.0,11.4,12.3,19.6,18.2,15.4,8.6,2.0,-4.6,44.2133,143.62,18
