äœë™èä,1åéãCâ∑,2åéãCâ∑,3åéãCâ∑,4åéãCâ∑,5åéãCâ∑,6åéãCâ∑,7åéãCâ∑,8åéãCâ∑,9åéãCâ∑,10åéãCâ∑,11åéãCâ∑,12åéãCâ∑,à‹ìx,åoìx,cluster
óÁï∂,-4.3,-3,-0.1,4.7,9.2,11.5,17.8,18.9,16.7,9.8,2.2,-3.6,45.305,141.045,2
ítì‡,-4.3,-3,-0.4,5.3,9.8,12,18.4,18.6,16.9,9.9,2.5,-3,45.415,141.6783,2
è@íJñ¶,-4.6,-3.3,-0.7,4.7,9.2,11.1,17.7,17.7,16.1,9.5,2.3,-2.8,45.52,141.935,2
è¿êÏ,-7.5,-5.1,-2.1,4.4,9.8,11.7,18.4,17.6,14.2,7.3,1,-5.1,45.2483,141.8517,3
ïlãSéuï ,-6.2,-4.7,-1.8,4.2,9.5,10.9,17.9,17.2,14.6,7.9,1.1,-4.6,45.335,142.17,3
ñLïx,-6.6,-4.7,-1.8,4.7,10.2,12.1,18.6,18.2,15,8,1.5,-4.5,45.1067,141.765,3
ïlì⁄ï ,-6.5,-5,-1.9,4.8,10.6,11.7,19,17.6,15.1,8.3,1.4,-4.8,45.125,142.35,3
íÜì⁄ï ,-8.7,-6.4,-2.8,4.6,11.5,12.8,19.9,17.9,13.9,7,1.2,-5.8,44.965,142.28,5
ñkå©é}çK,-5.7,-4.3,-1.2,5.1,10.9,11.5,19.3,17.9,15.8,8.9,2.1,-4,44.94,142.585,3
âÃìo,-9,-6.6,-2.5,4.3,11.3,12.5,19.8,17.7,13.9,7.1,1.3,-5.9,44.84,142.48,5
ìVâñ,-5,-3.7,-1.3,5.2,10.9,12.5,19.3,19.1,15.7,8.7,2.8,-2.3,44.8933,141.7617,4
âìï ,-6,-4,-1.2,5.5,11.8,13.2,20,19.5,15.5,8.9,3,-3.1,44.7183,141.8067,4
èâéRï ,-5.2,-3.2,-0.6,5.9,11.8,13.2,19.9,19.5,15.5,9.4,3.3,-2.5,44.5233,141.77,4
èƒêK,-3.4,-2.1,0.9,5.9,11.2,13.1,19.4,20.6,17.6,11.1,3.8,-2,44.4283,141.4217,4
âHñy,-5.3,-3,0,6.3,12.3,13.9,20.5,20.4,16.4,10,3.6,-2.3,44.3633,141.7,4
íBïz,-7.6,-5.2,-1.4,5.1,12.1,14.1,20.9,19.9,14.6,8.1,2.3,-4,44.0483,141.8567,6
óØñG,-5.3,-3,0.3,6.1,12,14,20.5,20.3,16.1,10.1,3.6,-2.2,43.945,141.6317,4
ëùñ—,-4,-2.2,0.6,7,12.4,14,20.6,20.3,16.4,10.6,4.2,-1.7,43.8483,141.51,4
ñyçf,-8.5,-5.4,-1.6,4.9,12,14.1,20.5,19.5,14.3,8,1.9,-4.3,43.8533,141.76,6
âπà–éqï{,-8.3,-6,-2.1,4.6,11.6,13.2,20.3,18.2,14.3,7.4,1.4,-5.2,44.7267,142.265,5
î¸ê[,-9.3,-6.5,-2.6,4.5,11.8,13.8,20.7,18.7,14.1,7.2,1.1,-5.8,44.48,142.3417,5
ñºäÒ,-8.9,-6.3,-2.7,4.7,12,13.9,20.7,18.6,14,7.1,1.2,-5.6,44.37,142.4567,5
éÈãfì‡,-10.3,-7.4,-3.9,2.7,10.1,12.3,19.2,17.6,12.5,5.8,-0.1,-6.4,44.2817,142.1617,5
émï ,-8.8,-6.2,-2.6,5.4,12.5,14.3,21.4,19.2,14.8,7.7,1.5,-5.5,44.1867,142.4167,6
í©ì˙,-8.5,-6.2,-2.7,4.8,12.4,14.2,21.4,19.1,14.2,7.3,1.2,-5.6,44.1183,142.595,5
òaä¶,-9,-6,-2.7,5.4,12.8,14.5,21.7,19.4,14.8,7.9,1.5,-5.3,44.0283,142.41,6
î‰ïz,-8.8,-6.1,-2.3,5.4,13.2,15.2,22.1,19.8,14.7,7.9,1.3,-5.4,43.875,142.48,6
éuî‰ì‡,-8.8,-6.5,-3,4.6,12.7,14.3,21.5,19.1,14.2,7.1,1,-5.8,43.6433,142.5817,5
ìåêÏ,-8.6,-5.9,-2.2,5.8,13.7,15.3,22.6,20,15.1,8,1.9,-5.1,43.7017,142.5083,6
àÆêÏ,-7.9,-5.1,-1.2,6.1,13.8,15.3,22.6,20.3,15.4,8.3,2.1,-4.7,43.7567,142.3717,6
è„ïxó«ñÏ,-8.8,-6,-2.2,5.9,13.7,15.5,22.8,20.4,15.3,8.1,1.6,-5.4,43.455,142.465,6
ïxó«ñÏ,-9.6,-6.3,-2,5.8,13.5,15.3,22.3,20,15,8.1,1.6,-5.6,43.3333,142.4,6
äÙì–,-9.8,-6.4,-2.8,4.4,12,14,21.3,18.2,13.9,6.9,1,-5.4,43.1683,142.5683,5
óYïê,-6.1,-4.7,-1.7,4.9,11.3,11.6,19.2,18.1,15.2,8.5,2.3,-4.1,44.58,142.9633,3
ãªïî,-6.5,-5,-2,4.9,11.3,11.9,19.3,17.9,14.7,8,2.1,-4.5,44.47,143.1083,3
êºãªïî,-8.2,-5.9,-2.4,4.7,11.7,12.8,20.1,17.5,13.8,7.1,1.4,-5.2,44.3317,142.9367,5
ëÍè„,-8.7,-6.3,-3,4.7,12.1,12.9,20.4,17.5,13.4,6.9,1,-5.9,44.1767,143.06,5
ñ‰ï ,-5.3,-4,-1.3,5.6,11.3,12.1,19.4,18.3,16,9.2,2.6,-3.3,44.345,143.355,3
âìåy,-8.1,-6.3,-2.1,5.3,12.2,13.3,20.7,18.3,14.6,7.6,1.1,-6.3,44.0533,143.54,5
îíëÍ,-8.8,-6.8,-3.7,3.6,12.1,14.1,21.5,17,12.9,6.4,-0.1,-6,43.865,143.1533,5
óØï”ÂA,-9.4,-7.2,-3.2,4.3,11.6,13.3,20.4,17.6,13.5,6.7,-0.3,-7.5,43.7417,143.45,5
ã´ñÏ,-9.3,-7.1,-2.7,5,12.1,13.6,20.9,18.3,14.4,7.3,0.5,-7.3,43.7067,143.6433,5
ñkå©,-9.2,-6.8,-2.3,5.3,12.3,14,21.2,18.7,14.9,7.7,1.1,-7.6,43.81,143.875,5
ç≤òCä‘,-8,-6.4,-2.5,4.9,11.6,12.9,20.2,18.2,14.7,8,1,-6.2,43.985,143.7233,5
èÌòC,-6.7,-5.5,-2.4,5,11.3,12.7,20,18.4,15.7,8.9,2.4,-4.9,44.115,144.0367,3
ñ‘ëñ,-5.2,-4.3,-1.5,5.3,11.1,12.4,19.8,18.4,16.3,9.5,3.3,-3.1,44.0167,144.2783,3
î¸ñy,-8.6,-6.2,-2.7,5,11.6,13.4,20.5,18.4,15,7.7,1.7,-6.3,43.77,144.1717,5
í√ï ,-8.8,-6,-2.2,5.4,12.1,13.8,21,18.5,15,7.7,1.8,-6.2,43.7017,144.0333,6
è¨ê¥êÖ,-6.7,-5.2,-2.4,5.1,11.4,13.1,20.3,18.4,15.5,8.6,2.6,-4.3,43.8417,144.485,3
éŒó¢,-7.4,-5.6,-3,4.4,10.7,12.5,19.8,17.9,15.2,8.5,2.6,-4.6,43.8833,144.7,3
âFìoòC,-5.8,-4.8,-2.6,4.7,11.4,12.8,19.8,17.4,15.2,9,3.5,-2.8,44.0517,144.9817,3
êŒéÎè¿ìc,-8.4,-5.8,-2,5.1,12.4,14.3,20.8,19.6,14.5,7.9,1.5,-5.1,43.815,141.9267,6
ê[êÏ,-8.5,-5.7,-1.8,5.7,12.9,14.7,21.4,19.8,14.9,8.3,1.9,-5,43.7183,142.0733,6
ãÛímãgñÏ,-8.1,-5.4,-1.7,5,12.6,14.6,21.4,19.3,14.4,8,1.5,-5.1,43.595,141.7317,6
ëÍêÏ,-7.7,-5.2,-1.4,6,12.9,14.9,21.5,19.9,15.4,8.6,2.1,-4.6,43.57,141.9383,6
à∞ï ,-7.5,-4.9,-1.1,5.9,13.3,15.1,22.2,20.3,15.2,8.2,2,-4.7,43.5167,142.19,6
î¸âS,-7.5,-5.5,-1.4,6.4,13,15.2,22.2,20.2,15.8,9,2.4,-4.8,43.3633,141.8267,6
åéå`,-6.5,-4.5,-0.9,5.8,12.4,14.8,21.5,19.8,15.7,8.9,2.5,-4,43.33,141.6183,6
ä‚å©ëÚ,-6.1,-3.9,-0.1,6.9,13.4,15.3,22.3,20.3,16.5,9.7,3.4,-3.5,43.2117,141.785,4
ó[í£,-6.9,-5.1,-1.4,5.1,12.1,14.2,20.8,18.4,14.8,8,1.5,-5,43.0383,141.9567,6
í∑è¿,-7.3,-4.5,-0.7,6.3,12.5,14.7,21.5,19.9,16.4,9.5,3.1,-4.2,43.0117,141.6933,6
ã§òa,-3.6,-2.3,0.7,7.1,12.9,14.9,21.3,20.8,16.2,10.3,4.1,-2,42.98,140.6033,4
éıìs,-2.1,-1.3,1.7,7.1,12.5,14.6,20.9,20.1,17.2,11.4,4.4,-1.4,42.795,140.2233,7
çïèºì‡,-4.3,-3.2,0.2,5.8,11.8,14.2,20.6,19.1,15.3,9.2,2.4,-3.2,42.6633,140.31,4
ê^éÎ,-6.4,-5.2,-2,4.1,11.3,13.3,19.8,17.8,14.1,8,0.8,-5.3,42.775,140.88,3
äÏñŒï ,-7.7,-6,-2.3,4.3,11.5,13.6,20.2,18.5,13.4,7.2,0.5,-5.8,42.7933,140.9483,5
ã‰ímà¿,-5.5,-4.3,-1,5.6,12.2,14.3,20.9,19.5,15,8.7,2,-4.2,42.9,140.7567,6
è¨íM,-3.4,-2.2,1.1,7.3,13.4,14.9,21.5,21,17.3,10.8,4,-2.2,43.1817,141.0167,7
ó]és,-3.9,-2.8,0.3,7,13.6,14.5,21.4,20.3,16,9.9,3.3,-3.1,43.1817,140.7583,4
ïlâv,-4.4,-2.5,0.4,6.5,12.4,15.1,20.8,20.5,16.3,10.7,4.1,-1.7,43.5817,141.3867,4
å˙ìc,-5,-2.9,0.1,6.2,12.2,14.7,20.8,20,15.8,10,3.5,-2.3,43.3983,141.4367,4
êŒéÎ,-5.7,-3.2,0.4,6.5,12.6,14.7,21,20.1,16.3,10.2,3.6,-2.9,43.1933,141.37,4
éRå˚,-4.5,-2.5,0.9,7.2,13.2,14.9,21.3,21,16.7,10.6,3.7,-2.5,43.1467,141.2217,4
éDñy,-3.9,-2,1.4,7.7,14.4,16,22.9,21.7,17.7,11.3,4.3,-2,43.06,141.3283,7
ç]ï ,-7.2,-4.6,-0.7,6.2,12.4,14.7,21.3,20,16.1,9.3,3,-4.2,43.11,141.6017,6
êVé¬í√,-7.1,-4.8,-0.9,6.2,12.5,14.8,21.4,19.8,15.8,9.2,2.6,-4.5,43.22,141.645,6
åbíÎìáèº,-6.9,-4.4,-0.8,5.7,12.1,14.4,21,19.5,15.9,9,2.6,-4.8,42.925,141.565,6
éx‚îåŒî»,-5.3,-3.9,-0.7,4.8,11.2,13.5,20.4,18.4,15.4,9.1,2.6,-3.4,42.7717,141.4067,4
êÁçŒ,-6.7,-4.4,-0.4,6,11.9,14.4,20.9,19.4,16.2,9.2,3.1,-4.3,42.775,141.6917,6
ì˙çÇ,-8.5,-5.7,-2.1,4.6,12.3,14.7,21.8,18.9,14.7,7.4,1.5,-5.5,42.8767,142.4417,6
ì˙çÇñÂï ,-4.6,-3,0.2,5.4,10.7,13.6,20.1,19,16.4,9.9,4.3,-2.5,42.5217,142.0367,4
êVòa,-6.5,-4.5,-0.8,5.3,12,14.7,21.6,19.3,15.6,8.3,2.3,-5.7,42.5433,142.3333,6
ê√ì‡,-3.5,-2.2,0.7,5.9,10.7,13.8,20.3,19.1,16.6,10.4,4.8,-1.7,42.3433,142.3617,4
éOêŒ,-5.4,-3.3,-0.5,5.2,10.2,13.4,19.8,18.6,15.6,9.1,3.9,-2.4,42.245,142.6617,4
âYâÕ,-2.6,-1.5,0.5,5.5,10.1,13.2,19.1,18.5,16.6,11.2,5.5,-0.6,42.1617,142.7767,2
íÜãnâP,-7.1,-4.9,-1.4,5.1,11.6,13.9,20.5,18.4,15.1,8.1,2.6,-3.8,42.2233,142.9483,6
Ç¶ÇËÇ‡ñ¶,-2.2,-1.6,-0.1,3.5,7.3,10.6,15.9,17,16.2,11.3,6.5,0.5,41.925,143.2433,2
Ç Ç©Ç—ÇÁåπêÚãΩ,-11.7,-8.3,-4.2,3,10.8,12.9,19.5,16.5,12.2,5.4,-0.7,-7.5,43.3667,143.1917,5
é≠í«,-7.8,-5.2,-1.5,5.6,13.3,14.4,21.8,18.4,15.4,8.7,2,-4.5,43.1033,142.995,6
ñ{ï ,-10.6,-6.7,-1.1,5.9,13.1,14.2,21.4,18.8,15.3,8.2,1.7,-6.6,43.1317,143.6,6
ó§ï ,-11.6,-7.8,-2.5,4.6,11.7,13.4,20.5,18.1,13.8,6.5,-0.1,-8.4,43.4683,143.7383,5
írìc,-9.5,-5.7,-1,5.4,12.3,13.3,20.7,18.3,15.3,8.4,1.7,-5.9,42.92,143.4583,6
ë—çL,-8.6,-4.7,0.1,6.6,13.8,14.7,22,19.2,16.3,9.5,2.4,-4.8,42.9217,143.2117,6
âËé∫,-10.6,-6.3,-1.5,5.7,13,14.4,21.5,18.6,15.4,8.4,1.3,-5.9,42.9,143.0433,6
ë—çLêÚ,-10.3,-6.7,-1.7,5.4,12.5,13.6,20.9,17.8,15.2,8.1,1.1,-7.2,42.7333,143.2167,5
ëÂé˜,-9.3,-6.7,-2.4,5.1,11.7,12.6,19.8,17.5,15.1,8.1,2.3,-6.6,42.5,143.275,5
ëÂí√,-8.5,-4.9,-1,4.3,10,11.1,18.1,17.8,15.5,9,2.8,-5.3,42.685,143.6467,3
âYñy,-8.5,-5,-0.7,5.4,12,13.2,20.5,18.3,15.8,9.1,2.5,-5.2,42.8083,143.6567,6
çLîˆ,-5.1,-3.2,-0.1,5.5,11.5,11.6,19.2,17.8,16.3,10.2,5.3,-1.7,42.2933,143.315,2
óÖâP,-4.7,-3.6,-1.9,3,9,11,17.5,16.9,14.9,9,3.3,-2.1,44.0233,145.1867,2
ïWí√,-6.5,-4,-1.9,3.7,8.7,11.1,17.3,17.1,15.5,9.1,3.3,-3.6,43.6617,145.1317,2
íÜïWí√,-7.8,-4.9,-2.3,4.1,10.3,12.1,19.1,17.1,15,8.4,2.8,-4.8,43.5433,144.9783,3
è„ïWí√,-7.1,-5.3,-2.7,3.6,10.5,12,19.4,16.8,14.4,7.9,2.3,-4.7,43.52,144.7467,3
ï äC,-8.5,-5.2,-2.3,4.1,10,11.7,18.8,17,14.6,8.1,2.6,-5,43.3817,145.1183,3
å˙è∞,-7.3,-4.9,-2.5,3.4,8.6,10.6,17.5,16.7,14.5,8.3,3.5,-3.6,43.2317,145.2583,3
ç™é∫,-4.2,-3.1,-1.4,3.7,8.8,10.3,17.3,16.8,15.6,10.4,5.4,-1.1,43.33,145.585,2
î[çπïz,-3.6,-2.8,-1.4,3.2,7.6,9.7,16.3,16.5,15.5,10.7,5.5,-0.6,43.3933,145.7583,2
êÏìí,-9.5,-6.5,-3.5,3.1,10.2,11.8,19.3,17.1,13.8,6.6,0.8,-7.1,43.6167,144.4567,5
íÌéqã¸,-7.9,-6,-2.9,3.3,10.3,11.6,19.2,16.9,14.1,7.3,1.6,-5.6,43.51,144.4667,3
à¢ä¶åŒî»,-10.4,-7.7,-4.4,2.8,10.4,12.4,20,17,13,6,0.6,-7,43.4367,144.085,5
íﬂãè,-7.8,-5.1,-1.4,4.2,10.8,12.5,19.5,17.8,14.9,8.1,2.3,-5,43.2317,144.325,3
ïWíÉ,-9.3,-6,-2,3.8,10.1,12.1,19.1,17.4,14.3,7.4,1.6,-6.2,43.2917,144.5867,5
ëæìc,-6.7,-4.7,-1.9,3.8,9.7,11.1,18.2,17.1,14.8,8.7,3.6,-3.2,43.09,144.7783,3
çÂí¨,-6.5,-4.4,-1.8,3.5,8.4,10.7,16.6,17.2,15.3,9.3,4.2,-2.5,43.12,145.11,2
ímï˚äw,-5,-4,-1.8,2.8,8.7,9.9,17.1,16.1,14.8,9.3,4.4,-1.9,42.9383,144.735,2
ã˙òH,-5.8,-3.6,-0.4,4.1,9.8,11.5,18.2,18,15.9,9.8,4.7,-1.9,42.985,144.3767,2
îíçf,-7.3,-5.1,-1.6,3.3,9.1,11.1,17.5,17.3,14.6,8.5,2.8,-3.8,42.97,144.0617,3
íÜìOï ,-8.2,-5.7,-1.7,4.4,11.4,13.1,20.1,17.9,14.5,7.8,2.1,-5.5,43.1983,144.1417,5
íﬂãu,-6.3,-4.3,-1.5,3.8,10,11.3,18.3,17.2,14.9,9.1,3.6,-3,43.04,144.1917,3
ëÂëÍ,-7.4,-5.8,-2.2,3.8,10.6,13.4,19.8,17.8,13.3,7.1,0.4,-5.7,42.67,141.0783,5
ëÂä›,-4.3,-2.9,0.2,5.6,11,14.1,20.8,19.5,15.8,9.6,3.1,-3.1,42.59,140.6433,4
à…íB,-3,-1.7,1.2,6.3,11.8,14.9,21.4,20,16.9,10.7,4.6,-1.7,42.4733,140.8767,7
é∫óñ,-1.6,-0.8,1.9,6.6,11.8,14.3,21,19.3,17.5,11.8,5.6,-0.5,42.3117,140.975,7
ìoï ,-4.3,-3.2,-0.2,5.3,11.4,13.5,20.4,18.1,15.7,9.6,3.1,-3.2,42.4583,141.1183,4
êXñÏ,-4.8,-3.7,-0.3,4.7,11.3,13.8,20.3,18.2,15.2,8.8,2.4,-3.6,42.63,141.2467,4
ìœè¨ñq,-4,-2.5,0.9,5.3,10.7,13.8,20.4,19.6,16.8,10.3,4.3,-2.1,42.6233,141.5467,4
å˙ê^,-7.4,-4.8,-1.2,5.7,11.8,14.5,21.2,19.2,15.7,9,2.9,-4.6,42.73,141.8883,6
ï‰ï ,-8.5,-5.5,-1.6,5.5,12.1,14.9,21.4,19.1,15,8.1,2,-5.6,42.7617,142.1433,6
ÇπÇΩÇ»,-1.7,-0.7,1.9,7,12.3,14.5,21.3,20.7,17.4,11.9,5.3,-0.8,42.45,139.8517,7
ç°ã‡,-3.8,-2.1,0.4,6.3,11.9,14.5,21.1,19.9,16,9.9,3.7,-2.5,42.4283,140.0083,4
âúêK,-0.1,0.4,3.5,8.1,12.4,14.5,21.4,22.1,19.2,13.8,6.8,0.8,42.2483,139.5567,8
ÍG,-3.9,-2.1,0.1,6.7,12,14.5,21,19.7,15.9,9.5,4,-2.3,41.93,140.3117,4
ç]ç∑,-0.5,0.5,2.9,8.3,13.1,15.2,21.9,21.6,18.8,12.7,7,0.6,41.8667,140.1233,8
í∑ñúïî,-4.1,-2.7,0.4,5.6,10.8,13.9,20.6,19.3,16.1,9.9,3.1,-3.3,42.5233,140.3817,4
î™â_,-3.1,-1.9,1.1,6.6,12,14.7,21.5,19.7,16.6,10.4,3.7,-2.5,42.2517,140.2717,4
åFêŒ,-1.7,-0.8,2,7.4,12.3,14.6,20.9,21.1,17.8,11.7,5.4,-0.9,42.1283,139.985,7
êX,-3.3,-2.4,0.5,6.8,12.3,14.5,21.4,19.4,16.6,10.4,4.1,-2.8,42.0667,140.5883,4
ñkìl,-2.9,-2,0.9,7.4,12.9,15.4,22,20,17.3,11,4.3,-2.3,41.8867,140.6533,7
îüäŸ,-1.9,-1,2,8.2,13.4,15.8,22.5,20.3,18.1,11.8,5.2,-1.4,41.8167,140.7533,7
çÇèº,-1.9,-1.3,1.7,7.2,11.8,14.5,20.8,19.5,17.6,11.4,5.1,-1.7,41.77,140.8217,7
êÏãÇ,-1.7,-1.1,1.6,7.2,12,14.2,21.2,19.3,17.2,11.5,5.1,-1.3,41.905,140.97,7
ñÿå√ì‡,-1.9,-1,1.7,7.5,12.6,14.8,21.5,19.9,17.5,11.2,4.6,-1.2,41.6867,140.445,7
èºëO,-0.3,0.3,3.1,8.5,13.3,15.5,22.3,21.2,19,13.1,7.2,0.9,41.4233,140.0867,8
êËä•,-11.2,-7.2,-3.5,3.5,11.2,13.8,20.9,18.3,13.7,6.2,0,-6.9,42.9783,142.395,5
ëÂä‘,0.3,0.8,3.2,8.5,12.7,15,21.3,19.9,18.8,13.1,7.1,1.3,41.5267,140.9117,8
ÇﬁÇ¬,-0.8,-0.3,2.1,8.7,13.6,15.7,22.4,19.7,18,11.8,6.3,0.2,41.2833,141.21,8
è¨ìcñÏëÚ,-0.4,-0.1,2.5,8.2,12.5,14.6,21.5,19.4,18.2,12.2,6.1,0.4,41.235,141.3967,8
òeñÏëÚ,-0.2,0,2.4,8.3,13,15.2,22.2,19.7,18.1,12.4,6.5,0.4,41.145,140.8217,8
äIìc,-0.8,-0.4,1.8,8.1,13,15.4,22.4,20.2,17.8,11.4,5.5,-0.3,41.045,140.6333,8
ç°ï ,-0.4,-0.1,2.2,8.7,13.5,15.1,22.2,20.2,18,12,6.1,0.1,41.18,140.4817,8
ésâY,-0.2,0.4,2.8,8.6,13.3,15.7,22.7,20.9,18.5,12.6,6.9,0.9,41.0567,140.3467,8
ÈÀÉPëÚ,0.2,0.5,3,9.2,13.9,15.9,22.8,21.3,18.6,12.7,7.3,1.2,40.7767,140.205,8
ê[âY,0.3,0.6,3.1,8.9,14.9,15.7,22.8,22.8,18.7,12.8,7.6,1.4,40.645,139.9317,8
çOëO,-1.2,-0.5,2.2,9.5,15.6,17.2,24,22.1,18.5,12.1,6.1,-0.2,40.6117,140.455,9
å‹èäêÏå¥,-0.8,-0.2,2.3,9.6,15.1,17,23.8,21.9,18.6,12.3,6.4,0.2,40.8083,140.4583,9
çïêŒ,-2,-1.1,1,9,15.2,16.7,23.4,21.3,17.8,11.5,5.9,-0.6,40.6667,140.585,7
ê¬êX,-0.4,0.2,2.6,9.7,15.1,16.9,24,22,19.1,12.7,6.6,0.2,40.8217,140.7683,9
ñÏï”ín,-0.1,0.1,2.4,8.5,12.9,15.4,21.9,19.5,17.9,12.4,6.3,0.5,40.885,141.16,8
òZÉPèä,-1.3,-0.6,1.6,8.3,12.8,15.1,21.8,19,17.5,11.7,5.5,-0.5,40.885,141.2717,7
éOëÚ,-0.9,-0.2,2.6,9.4,13.9,15.9,22.7,19.8,18.3,12.4,6.4,0.3,40.675,141.375,8
î™åÀ,-0.5,0.4,3,10,14.3,16.4,23.2,20.3,18.6,12.5,6.9,0.9,40.5267,141.5217,8
éOåÀ,-1.9,-0.5,1.8,9.3,14.8,16.9,23.4,20.6,17.6,11.2,5.6,-0.4,40.3833,141.2567,7
ãxâÆ,-3.4,-2.8,-0.5,5.7,12.7,14.4,21.4,19.1,15.9,9.7,3.9,-2.2,40.4267,140.8983,4
íÙÉPä÷,-3.4,-2.5,0,6.8,14.4,15.9,22.5,20.7,16.4,10.2,4.2,-2,40.4817,140.62,7
é_ÉPìí,-7.2,-6.4,-3.8,3.1,10.3,12.3,19.2,17,12.9,7.1,0.2,-5.8,40.6483,140.8483,5
î™êX,0.9,1.2,3.7,9.2,14.9,16.1,23,23.4,19.6,13.8,8.9,2.1,40.3883,139.9817,10
ëÈëÉ,-1.2,-0.4,2,8.8,15.2,17,23.9,22.9,18,11.8,5.9,-0.1,40.2267,140.3717,9
î\ë„,0.3,0.9,3.4,9.5,15.4,16.9,24.2,23.6,19.2,13.1,7.8,1.5,40.1983,140.0317,10
ëÂäŸ,-2,-1,1.4,8.7,15.3,17.2,24.1,22.7,17.9,11.4,5.3,-0.8,40.2517,140.505,9
é≠äp,-3,-1.9,0.3,7.7,14.4,16.5,22.9,21.4,16.8,10.4,4.2,-1.8,40.215,140.7867,7
ìíê£,-2.2,-1.3,0.7,7.3,14.3,16.2,22.5,21.1,16.5,10.6,4.3,-1.3,40.12,140.84,7
î™î¶ïΩ,-4.3,-3.5,-1.2,5.3,12.9,14,20.5,18.8,14.8,8.8,2.7,-3.1,40.0133,140.8017,4
à¢êmçá,-1.7,-1.2,1,7.4,14.5,16,22.8,22.2,17.1,11,5.1,-0.7,39.9933,140.4033,7
å‹èÈñ⁄,-0.4,0.2,2.5,9.3,15.3,17,23.8,23.6,18.8,12.7,7.3,0.9,39.9383,140.115,9
ëÂäÉ,0.6,1,3.8,9.5,15.6,17.1,24.3,23.8,19.3,13.5,8.3,2,40,139.95,10
íjé≠,0.2,0.7,3,8.9,15,16.3,23.1,22.9,18.7,12.8,7.7,1.4,39.9117,139.9,8
èHìc,0.6,1.3,3.9,10,16.1,17.6,24.6,24.9,20.1,14,7.9,1.6,39.7167,140.0983,10
ä‚å©éOì‡,-1,-0.5,1.7,8.4,14.8,16.5,23.2,23.5,18.1,12.3,5.9,0.2,39.7067,140.2867,9
ìcëÚåŒ,-2.3,-1.6,0.8,7.3,14.4,16.4,22.9,22.5,17.3,11.7,4.6,-1.2,39.6983,140.7317,7
äpäŸ,-1.2,-0.6,1.7,8.8,15.5,17.1,23.7,23.7,18.3,12.4,5.3,-0.4,39.6033,140.5567,9
ëÂã»,-1.2,-0.5,1.7,9.2,15.8,17.5,24.2,24.1,18.8,12.8,5.4,-0.3,39.49,140.495,9
ëÂê≥éõ,-0.8,-0.1,1.9,8.5,14.8,16.3,23.1,23.1,17.9,12.1,5.4,0,39.5267,140.2333,9
â°éË,-0.7,-0.2,2.1,9.4,16.1,17.8,24.6,24.4,19.5,13.2,6,0,39.32,140.555,9
ìåóRóò,-0.9,0,1.4,8.3,15,16.8,24,23.6,18.3,12.5,5.5,-0.1,39.305,140.2883,9
ñ{ëë,1.3,2.2,4.1,10.1,15.8,17.3,24.2,24.2,19.6,14,8.2,2.2,39.36,140.055,10
ñÓìá,-0.3,0.7,2.2,8.9,15.2,16.7,23.7,23.4,18.4,12.8,6.4,0.6,39.235,140.1367,9
ìíëÚ,-1.1,-0.6,1.4,8.7,15.4,17.3,23.9,23.3,18.5,12.5,5.6,-0.4,39.1867,140.4633,9
ìíÇÃë–,-2.1,-1.5,0.5,6.4,13.9,15.6,22.1,21.5,16.6,11.2,4.5,-1.2,38.96,140.5283,7
ìÒåÀ,-2.6,-1.1,1.1,8.7,14.6,16.7,22.7,20.1,17,10.8,5.3,-0.8,40.2967,141.2983,7
éÌés,-0.9,-0.2,2.4,9,13,14.9,21.7,19.3,17.5,11.7,5.9,0.6,40.4033,141.7,8
åyïƒ,-2.9,-1.5,1,8.8,14.5,16.4,22.8,19.9,17.1,10.8,5.4,-0.8,40.3183,141.47,7
ãvéú,-1.1,0.1,2.7,9.5,13.7,16,22.6,20.2,17.8,11.9,6.1,0.6,40.1883,141.775,8
éRå`,-2.6,-1,1,8.5,14.3,16,22.7,19.7,16.8,10.6,5.1,-0.8,40.1483,141.5717,7
äãä™,-4.4,-2.9,-0.8,6.7,13.5,15,21.5,19.4,15.2,9.2,3.8,-2.2,40.0383,141.4367,4
âúíÜéR,-4.5,-3.2,-0.9,6.5,13.4,15.1,21.4,19.2,15.5,9.5,3,-3,40.06,141.225,4
çrâÆ,-3.2,-2.1,0.1,7.4,14.5,16.3,22.3,20,16.4,10.3,4.2,-1.8,40.1033,141.05,7
ä‚éËèºîˆ,-2.9,-1.7,0.8,8.2,15.4,17,23.1,21,16.7,10.8,4.6,-1.4,39.9517,141.065,7
é¥êŒ,-2.3,-1.3,0.7,8.1,14.9,16.7,22.9,21.4,16.9,10.8,4.5,-1.6,39.6967,140.975,7
ê∑â™,-1.1,-0.2,2.2,9.3,16.2,17.9,24.3,22.3,18.4,12.1,6,-0.3,39.6983,141.165,9
çDñÄ,-2.2,-1.1,1.5,8.9,16,17.6,23.8,21.8,17.6,11.6,5.5,-0.6,39.8683,141.1667,9
ñ˜êÏ,-6,-5,-2.5,4.6,11.6,13.4,20.2,18.7,13.7,8.1,1.8,-4.4,39.7833,141.3283,3
ä‚êÚ,-1.3,0.4,2.5,9.4,15.1,16.6,23.2,20.1,17.6,11.5,6,0.4,39.8467,141.7967,8
è¨ñ{,-0.3,0.9,3.3,9.6,13.8,16.1,22.2,20.5,18.6,12.7,7.2,1.7,39.84,141.955,8
ïÅë„,-1.1,0.2,2.6,9.4,13.4,15.7,22.2,20,17.7,11.8,6.4,1,40.0033,141.8833,8
ã{å√,0.3,1.6,3.6,9.9,14.1,16.2,22.4,20.1,18.4,12.6,7.7,2,39.6467,141.965,8
éRìc,0.4,1.7,3.5,9.8,14.8,16.3,22.9,20.6,18.7,12.9,8,2.4,39.45,141.9567,8
äòêŒ,1.6,2.7,4.2,10.5,15.7,17.5,23.9,21.5,19.8,13.8,9,3.2,39.27,141.8783,10
ëÂëDìn,1.3,2.2,4,9.9,15.7,17,23.6,21.8,19.4,13.7,8.1,2.5,39.0633,141.7133,10
êÁâX,-0.5,0.4,2.7,9.2,15.4,17.1,23.6,21.6,18.3,12.5,5.9,0.4,38.9217,141.33,9
àÍä÷,0.3,1.2,3.8,10.3,16.6,18.3,24.6,22.5,19.6,13.3,6.8,1.1,38.9333,141.125,10
é·ñˆ,-1,-0.2,2.6,9.2,16.1,17.5,23.8,21.9,18.2,12.5,5.8,-0.4,39.1317,141.0633,9
ç]éh,-0.4,0.6,3.3,9.9,16.8,18.4,24.8,22.9,19.2,13,6.5,0.3,39.1833,141.1617,9
ñkè„,-0.3,0.6,3.2,10,16.8,18.3,24.9,22.8,19.4,13.1,6.6,0.3,39.2883,141.11,10
ìíìc,-2.1,-1.6,0.7,6.4,13.9,15.6,22.3,21.3,16.8,11.1,3.9,-1.5,39.31,140.7767,7
ëÂîó,-1.6,-0.5,1.9,8.9,15.9,17.4,24.1,22.4,18,11.9,5.8,-0.5,39.47,141.2783,9
éáîg,-1.6,-0.5,2.1,9.2,16.3,18,24.2,22.3,18.2,12.3,5.9,-0.9,39.5467,141.1267,9
ãÊäE,-5.4,-4.5,-2.4,4.8,11.9,13.2,20.1,18.4,14,8.4,2.5,-3.9,39.65,141.3533,3
êÏà‰,-0.8,0.6,2.5,9.6,15.6,17.1,23.3,20.5,17.5,11.6,6.8,0.8,39.5983,141.6817,8
âìñÏ,-2.4,-0.9,1.3,8,14.9,16.4,23,21,17,11.2,4.9,-1.1,39.3367,141.5383,7
èZìc,-0.6,0.6,2.6,8.9,15.4,16.9,23.6,21.6,18.5,12.6,6.1,0.5,39.1417,141.5733,9
ãCêÂè¿,0.5,1.3,3.5,9.4,14.9,16.4,22.9,21.2,18.8,13,7.1,1.7,38.9083,141.555,8
ãÓÉmìí,-2.5,-2,0.2,6.5,13.3,14.4,21.1,19.3,15.9,10.5,4.2,-1.5,38.9133,140.8283,4
êÏìn,-0.6,0.3,2.3,8.9,15.4,16.8,23.5,21.3,18,12.5,5.9,0.4,38.7433,140.76,9
ízäŸ,0.2,1.3,3.4,9.8,16,17.8,24,22.1,18.9,13,6.4,1.1,38.735,141.005,10
å√êÏ,0.7,1.5,3.6,9.8,16.3,18,24.4,22.2,19.1,13.3,6.7,1.1,38.5983,140.9117,10
ïƒéR,0.7,1.6,3.8,9.9,16.1,18.1,24.3,22.5,19.2,13.4,6.9,1.4,38.6267,141.1883,10
éuí√êÏ,1.1,1.9,4.1,10.2,15.6,17.1,23.5,21.5,19.4,13.7,7.7,2.4,38.6817,141.4483,10
ç]Émìá,3.3,3.5,5.3,10.3,14.5,16.4,22.3,21.5,20,15.2,10,4.6,38.3983,141.5967,11
èóêÏ,1.3,2.1,3.9,9.7,15.3,16.9,23.1,21.4,19,13.5,7.7,2.4,38.4533,141.44,10
êŒä™,1.6,2.2,4.4,10.2,15.4,17.4,23.6,22.4,19.9,14.1,8.2,2.5,38.4267,141.2983,10
ìåèºìá,1.5,2.2,4.3,10.2,15.8,17.8,24.2,22.7,19.9,14.1,7.8,2.1,38.4267,141.2133,10
é≠ìáë‰,0.9,1.5,3.5,9.5,15.7,17.7,24.1,22.3,19.2,13.4,6.8,1.3,38.46,141.0917,10
ëÂçt,0.6,1.2,3.6,9.7,15.8,17.7,24.2,22.1,19.2,13.3,6.6,1.2,38.4733,140.8883,10
âñäò,1.4,1.9,4.2,10.5,16,17.5,24.2,22.2,20.1,14.1,8.2,2.4,38.3383,141.0133,10
êÂë‰,2.5,3.2,5.4,11.5,17,18.6,25.1,23,21.1,14.9,9.1,3.5,38.2617,140.8967,11
ñºéÊ,2,3,5,10.8,15.9,17.9,24.3,22.8,20.3,14.5,8.5,3.1,38.1383,140.9167,11
òjóù,1.9,2.9,4.8,10.9,16.2,17.9,24.2,22.4,19.9,14.2,8.7,3.2,38.025,140.8583,10
ä€êX,1.7,3.1,4.8,11.1,17.2,18.8,25.2,22.9,20,14.2,8,2.7,37.9317,140.7783,10
îíêŒ,1,1.9,3.9,10.6,16.7,17.9,24.3,22,19.1,13.4,7.6,2.1,38.015,140.6117,10
ë†â§,0.6,1.6,3.7,9.9,15.9,17.5,23.9,22,18.7,13.3,7,1.8,38.1267,140.68,10
êVêÏ,-0.5,0,2.2,8.6,14.9,16.5,22.9,20.9,17.5,12.2,5.2,0.4,38.3033,140.6367,8
îÚìá,2.5,2.8,5,9.6,14.9,16.3,23.3,23.9,20.1,14.9,9.3,3.6,39.1833,139.5433,11
éìc,2.3,2.8,5.2,10.5,16.3,18,24.9,25.3,20.5,15.2,8.8,3,38.9083,139.8433,11
íﬂâ™,2.2,2.7,5.2,10.9,16.8,18.1,25.3,25.2,20.7,15.1,8.6,2.6,38.735,139.8283,12
éÎêÏ,0.9,1.3,3.9,9.7,15.7,17.5,24.2,24,19.3,14.3,7.3,1.6,38.8,139.9733,10
ã‡éR,-1,-0.4,1.5,7.7,15.1,16.6,23.7,22.9,17.9,12.3,5.2,-0.3,38.8783,140.3317,9
ç∑éÒìÁ,-0.6,0.1,1.8,7.2,14.9,16.6,23.4,22.8,17.6,12.2,5.3,0,38.9183,140.2,9
å¸í¨,-0.8,-0.4,1.8,8,15,16.8,23.6,22.2,17.7,12.5,5.1,-0.2,38.7583,140.5167,9
êVèØ,-0.4,0.2,2.2,8.9,15.7,17.5,24.5,23.6,18.7,13.2,5.7,0.1,38.7567,140.3117,9
îˆâ‘ëÚ,-0.6,-0.1,1.9,8.4,15.5,17.5,24.2,23,18.4,12.9,5.4,-0.2,38.6083,140.4117,9
ïIê‹,-1.1,-1.1,1.1,5.4,12.6,15.1,22,21.1,16.3,11.3,4.3,-0.8,38.6067,140.1633,7
ë∫éR,-0.8,-0.2,2.4,9.2,16,18.1,24.6,23.4,18.7,13.1,5.6,0.4,38.46,140.3483,9
ç∂ëÚ,-1.1,-0.5,1.8,8.3,15.2,17.3,23.7,22.7,17.7,12.3,4.9,-0.3,38.37,140.1917,9
çÇî©,-0.4,-0.2,2.2,9.3,16.5,18.2,24.9,23.7,18.7,13.4,5.7,0.4,38.0033,140.2067,9
ïƒëÚ,-0.6,-0.7,2,9.1,16.5,18.1,24.6,23.5,18.6,13.2,5.6,0.2,37.9117,140.1433,9
è¨çë,0.1,0.3,2,7.4,15,16.8,23.8,23.5,18.3,13,4.8,0.5,38.0783,139.735,9
çÇïÙ,-0.5,-0.4,1.7,7.5,15.6,17.1,24,22.9,17.7,12.5,5,0.2,37.9983,139.9567,9
í∑à‰,-0.5,0,2,9.1,16.5,18.1,24.6,23.6,18.4,13,5.5,0.4,38.105,140.015,9
ëlÉPä÷,3.7,4,5.8,11.5,16.7,17.6,24.6,25.5,21.4,16,10.5,4.6,38.5667,139.5517,11
ñŒíÎ,0.3,0.8,3,9.4,15.8,17.3,23.6,21.9,18,12.9,6.2,1.2,37.8917,140.4367,9
ó¿êÏ,1.3,2.6,4.6,11.3,17.7,19.6,25.8,23.6,20.1,14.5,7.8,2.4,37.8517,140.5883,12
ïüìá,2.1,2.9,5.4,12.3,18.8,20.2,26.5,24,21,15,8.6,3.4,37.7583,140.47,12
ïOå¥,-4.1,-4,-1.2,4.3,12.4,13.9,20.9,20.2,15,10.2,2.8,-2.2,37.7217,140.0583,4
äÏëΩï˚,-0.6,-0.8,2.2,9.2,16.6,18.6,24.7,24.1,18.7,13.5,4.8,0.4,37.6583,139.8633,9
êºâÔí√,0.1,-0.2,2.4,8.7,15.9,17.8,24.3,23.7,18.5,13.4,5.2,0.7,37.5883,139.6567,9
ë¸å©,-0.7,-0.8,1.7,6,14.5,16.8,23.4,23.3,18,13.1,4.7,0.1,37.3433,139.3133,9
ìÏãΩ,-1.7,-1.8,0.9,6.3,14.7,16.6,22.8,22.7,17.5,12.5,4.1,-0.9,37.265,139.5367,7
ïOé}äÚ,-3.9,-3.9,-1.2,4.4,11.5,13.9,19.9,19.8,14.5,9.9,2.9,-2.5,37.0233,139.3867,4
ìcìá,-2,-2,0.9,7.5,14.6,16.2,22.5,21.8,16.8,11.8,4.1,-1.3,37.2067,139.795,7
ìíñ{,-1.9,-1.8,0.9,7.1,13.7,15.3,21.3,20.4,16.2,11.2,4.2,-1.3,37.2767,140.0633,7
îíâÕ,1,1.6,3.8,10.4,16.7,18.4,24.3,22.8,19.2,13.5,7.4,1.7,37.1317,140.215,10
ìåîíêÏ,0.6,1.8,3.6,10.3,17,18.9,24.7,23.5,19.2,13.9,6.9,1.2,36.9383,140.4083,10
è¨ñºïl,4.3,5.1,6.6,11.8,16.8,19,23.4,24.2,21.3,15.9,10.9,5.1,36.9467,140.9033,11
çLñÏ,3.9,4.4,5.7,11.6,16.9,18.4,24.3,23.5,20.6,15.2,10.4,4.9,37.2333,141,11
êÏì‡,-0.2,0.7,2.3,9.1,15.7,16.8,23.4,21.5,17.7,12.3,6.5,0.5,37.3367,140.8083,9
è¨ñÏêVí¨,-0.5,0.3,2.5,8.9,15.8,17.2,23.6,22.2,18.1,12.5,6.1,0.2,37.2867,140.625,9
åSéR,1,1.4,3.9,10.5,17.5,19,24.9,23.2,19.4,13.8,7.5,1.7,37.3683,140.33,10
ëDà¯,-0.4,0.3,2.6,9.3,16.2,17.4,23.8,22.1,18.1,12.4,6.6,0.5,37.435,140.5767,9
òQç],2.8,3.8,5.3,11.6,17.3,18.3,24.8,23.1,20.4,14.7,9.5,4,37.4917,140.965,11
î—ä⁄,-1.1,0,1.9,8.8,15.6,16.5,23.1,20.9,17.5,12,6.3,0.4,37.695,140.7467,8
ìÒñ{èº,0.9,2,4.1,11.1,17.8,19.3,25.3,23.4,19.8,13.9,8,2.5,37.5833,140.43,10
íñïcë„,-1.3,-1.4,1.4,8.2,15.4,16.9,23.2,22.3,17.6,12.4,5,-0.2,37.555,140.1217,9
òhëq,-5.9,-5.9,-3.3,3.7,11.3,12.1,19,17.7,13.4,8.2,1.7,-4.4,37.6683,140.26,3
ëäîn,2.5,3.7,5.3,11.3,16.8,18.4,24.7,22.8,20.3,14.6,9.1,3.8,37.7833,140.925,11
êVín,2.7,3.7,5.5,11.3,16.4,18.2,24.5,22.8,20.6,14.7,9.4,3.9,37.875,140.9183,11
é·èº,0.1,-0.2,3.4,10,17.4,19.2,25.5,24.6,19.7,14.3,5.8,0.7,37.4883,139.91,10
ñkàÔèÈ,3.3,4.2,5.5,10.9,16.2,18.2,22.9,23.3,19.8,15,9.6,4,36.8333,140.7717,11
ëÂéq,0.6,2.2,4.5,11,17.4,19.3,25.2,24.1,20.2,14.5,7.3,1.4,36.7783,140.345,10
ì˙óß,4.9,5.5,6.8,12.6,17.7,19.5,24.9,24.8,21.4,16.1,11.4,6.3,36.5983,140.65,15
èÌó§ëÂã{,1.5,2.9,4.8,11.1,17.1,18.9,24.8,23.7,20,14.4,8.2,2.3,36.6067,140.325,10
êÖåÀ,3.6,4.9,6.5,12.8,18.7,20.2,26.2,24.9,21.6,15.8,10,4.6,36.38,140.4667,13
ä}ä‘,2.6,4,5.7,12.4,18.4,20.3,26.2,24.9,21.4,15.5,9.1,3,36.3833,140.2367,12
ñgìc,2.8,4.4,5.8,12.4,18.1,19.9,25.5,24.4,21.2,15.4,9.5,3.9,36.1683,140.5267,11
é≠ìà,5.2,6.1,7.8,13.8,18.8,20.6,25.7,25.3,22.4,17.2,12,6.3,35.9633,140.6217,15
ó¥ÉPçË,3.4,5.1,6.6,13.3,19,20.9,26.3,25.1,21.5,15.9,10.1,4.3,35.89,140.2117,13
ìyâY,4.1,5.4,7.2,13.5,19.1,21,26.6,25.3,22.1,16.2,10.5,5,36.1033,140.22,15
â∫äŸ,2.7,4.4,6.4,13,18.9,20.9,26.3,25.1,21.5,15.7,9.4,3.9,36.2817,139.9883,13
å√âÕ,3.7,5.1,7.2,13.7,19.5,21.7,27.1,25.7,22.2,16,9.8,4.6,36.2017,139.7167,15
â‰ë∑éq,3.7,5.3,6.8,13.2,18.8,20.8,26.4,25.1,21.6,15.6,10.1,4.6,35.8633,140.11,13
çÅéÊ,3.7,5.1,6.5,13,18.3,20.3,25.5,24.8,21.4,16,10.5,4.8,35.8583,140.5017,13
í∂éq,7,7.2,9,14.2,18.5,20.5,25,25.6,22.8,18.2,13.9,8.3,35.7383,140.8567,16
â°é≈åı,5.1,6.4,7.7,14,19,21.1,26.1,26,22.4,17.1,12,6.3,35.6567,140.48,15
ç≤ëq,3.8,5.6,7,13.8,19.2,21.3,26.7,25.6,22,16.1,10.7,4.9,35.7283,140.2117,15
ëDã¥,5.2,6.4,8,14.1,19.6,21.7,26.9,26.1,22.5,16.6,11.6,6.1,35.7117,140.0433,15
êÁót,6.7,7.4,8.8,14.8,19.9,22.1,27.4,26.7,23.3,17.5,13.1,7.8,35.6017,140.1033,16
ñŒå¥,5.8,7.1,8.1,14.6,19.6,21.6,27.1,26.5,22.6,17.3,12.8,7.1,35.4167,140.31,16
ãçãv,4.4,5.9,6.9,13.8,19.1,21.1,26.6,25.8,21.8,16.3,11.5,5.4,35.3967,140.1483,15
ñÿçXí√,6.1,6.9,7.9,14.2,19.5,21.4,26.6,26,22.3,16.8,12.4,7,35.3617,139.94,16
ç‚î®,3.6,5,6.1,12.8,18.1,20.1,25.5,24.9,21,15.6,11.2,5.1,35.235,140.0983,13
èüâY,7,7.8,8.9,14.2,18.8,21.1,25.7,26.1,23,18,14.4,8.6,35.15,140.3117,16
äõêÏ,6.4,7.4,8.6,14.4,19.2,21.2,26.3,26.3,22.7,17.8,13.7,8,35.1117,140.1,16
äŸéR,6.4,7.6,8.6,14.4,19.3,21.5,26.5,26.6,23.1,17.9,14,8,34.9867,139.865,16
çïàÈ,1.3,2,4.2,10.3,16.3,18.5,24.1,23,19.4,14,7.5,1.8,36.9817,140.0183,10
ëÂìcå¥,1.8,2.9,5.2,11.7,17.7,19.7,25.1,24,20.2,14.6,8.1,2.4,36.84,140.035,12
âñíJ,1.2,2.6,4.6,11,17.1,19.2,24.6,23.4,19.6,14,7,1.5,36.7567,139.8833,10
ìﬂê{âGéR,1.2,2.8,5,11.6,17.7,19.5,25.2,24.2,20.3,14.7,7.9,1.7,36.6417,140.1167,12
ê^â™,2.1,3.5,5.7,12.3,18.4,20.5,26.2,24.9,21.2,15.2,8.6,2.7,36.4783,139.9867,12
âFìsã{,3.1,4.3,6.6,13.2,19.1,20.9,26.4,25.1,21.9,15.7,9.6,3.8,36.5483,139.8683,13
è¨éR,3.3,4.8,6.9,13.6,19.5,21.6,26.9,25.8,22.2,16.2,9.8,4.3,36.3383,139.83,13
ç≤ñÏ,3.5,4.9,7,13.5,19.4,21.8,27.2,25.9,22.4,16.3,9.7,4.5,36.3633,139.57,13
ìyòCïî,-3.5,-3.2,-0.2,6,12.7,14.3,20.2,19.8,14.9,10.4,3.3,-2.2,36.8933,139.5683,4
å‹è\ó¢,-1.5,-0.9,2,8.6,14.7,16.5,22.1,21.2,16.8,12,5,-0.4,36.9217,139.695,7
ç°és,0.9,1.9,3.8,10.6,16.6,18.3,23.6,22.5,19.1,13.6,7.2,1.8,36.7267,139.6767,10
é≠è¿,2,3,5.1,12.1,18.2,20.2,25.6,24.4,20.8,15,8.3,2.8,36.5917,139.735,12
åFíJ,4.5,5.8,7.9,14.3,20.1,22.4,27.8,26.3,22.9,16.6,10.5,5.4,36.15,139.38,15
äÒãè,2.9,4.4,6.1,12.9,18.6,21,26.5,25.2,21.4,15.6,8.7,3.7,36.105,139.1833,13
íÅïÉ,2.2,3.7,5.6,12.5,18.4,20.8,25.9,24.9,20.9,15,7.9,2.9,35.99,139.0733,12
èäëÚ,4.1,5.2,6.8,13.2,18.9,21.1,26.4,25.2,21.7,15.9,10.1,4.9,35.7733,139.4133,13
Ç≥Ç¢ÇΩÇ‹,4.3,5.8,7.8,14.2,19.9,22.3,27.6,26.3,22.7,16.7,10.5,5.1,35.875,139.5867,15
âzíJ,4.2,5.8,7.6,14,19.9,22.2,27.6,26.1,22.5,16.3,10.4,4.7,35.8833,139.7567,15
ãväÏ,3.7,5.2,7.3,13.7,19.6,21.8,27.3,25.8,22.3,16.2,9.8,4.5,36.0867,139.635,15
ìåãû,5.8,6.9,8.5,14.7,20,22,27.3,26.4,22.8,16.8,11.9,6.6,35.69,139.76,14
ó˚în,5,6.3,8.1,14.6,20.2,22.3,27.7,26.5,22.9,16.7,11.1,5.6,35.735,139.6683,14
ï{íÜ,4.8,6.1,7.7,14,19.5,21.7,27.1,26.1,22.3,16.3,10.9,5.3,35.6833,139.4817,15
î™â§éq,3.8,5.1,6.9,13.6,19.2,21.3,26.8,25.7,22,16.1,10.2,4.5,35.6667,139.3167,13
ê¬î~,3.8,5.1,6.9,13.5,19.1,21.1,26.6,25.4,21.7,15.8,9.7,4.3,35.7883,139.3117,13
è¨âÕì‡,1.7,2.8,4.1,11,16.7,18.6,24,23,19.3,13.8,7.8,2.7,35.7917,139.05,10
ç]åÀêÏó’äC,6.4,7.1,8.6,14.2,19.5,22,26.7,26.4,23.1,17.2,12.6,7.3,35.6383,139.8633,16
âHìc,6.9,7.4,8.9,14.8,19.9,22.1,27.1,26.6,23.3,17.7,13.3,8,35.5533,139.78,16
éOëÓìá,10.3,9.9,11,15.5,19.6,21.6,26,26.4,24.5,21.2,16.6,11.4,34.1233,139.5217,18
ëÂìá,8,8.4,9.2,14.4,19.1,21,25.8,26,23.1,18.4,14.7,9.2,34.7483,139.3617,16
ëäêÏ,4.5,4.5,6.5,11.6,16.9,18,25,25.9,21.9,16.6,10.8,5.5,38.0283,138.24,11
êVäÉ,3.1,3.3,6.1,11.6,17.7,19,25.9,26.2,21.7,16.4,9.1,3.9,37.9117,139.0467,13
â∫ä÷,1.2,1.3,3.6,9.8,16,17.7,24.6,24.8,19.7,14.7,6.6,2,38.0917,139.5633,10
ë∫è„,2.1,2.5,4.6,10.3,16.6,18.4,25.1,25.3,20.5,15,7.8,2.6,38.2267,139.4783,12
íÜè,2.7,3.1,5.7,11.8,17.9,19.2,26,26.3,21.7,16.1,9.3,3.8,38.06,139.4083,12
èºïl,3.2,3.5,6,11.5,17.2,18.8,25.3,26,21.7,16.4,9.4,4.1,37.955,139.1117,11
êVí√,1.8,2.2,5,10.7,17.5,18.8,25.3,25.3,20.5,15.5,7.8,2.9,37.7917,139.0867,12
ä™,2.2,2.6,5.2,10.7,17.2,18.5,25.2,25.4,20.7,15.4,8.2,3.2,37.7683,138.9133,12
éOè,2.4,2.7,5.4,11.5,18.1,19.2,26,26.2,21.5,15.9,8.5,3.4,37.64,138.955,12
éõîë,2.8,3.2,5.8,11.1,17,18.3,25,25.5,21,15.5,8.7,3.8,37.64,138.7667,11
í√êÏ,0.5,0.5,2.7,8.8,15.6,17.3,24.1,23.9,18.7,13.7,5.4,1.1,37.6717,139.4467,9
è¨èo,0.5,0.6,3.1,8.9,17,18.9,25.3,25.4,20.3,14.8,6.3,1.7,37.2383,138.9617,10
îêçË,3.4,3.1,5.5,11.1,16.7,18.2,25.2,25.5,20.7,15.7,8.7,4.4,37.3517,138.5533,11
í∑â™,2.2,2.3,4.9,11.3,18,19.3,26,26.3,21.3,15.8,8.1,3.2,37.45,138.8233,12
è\ì˙í¨,0,0,2.4,8.8,16.4,18.1,24.4,24.4,19.5,14.1,6.1,1.2,37.1433,138.7267,9
í√ìÏ,-0.9,-0.8,1.9,8.3,15.8,17.3,23.7,23.5,18.7,13.2,5.8,0.2,36.9967,138.6833,9
à¿íÀ,0.8,0.8,2.9,9.7,15.8,17.3,24.3,24.2,19.2,14.2,6.4,1.6,37.1067,138.4567,10
çÇìc,2.9,3.1,6,12.2,17.9,19,26.1,26.1,21.4,16,9,3.9,37.1067,138.2467,12
î\ê∂,2.6,2.4,5.1,10.9,16.7,17.8,25,24.9,20.1,15.1,8.5,3.1,37.0833,138.0233,11
éÖãõêÏ,4.3,4.2,6.5,12.6,17.8,19.1,26.2,26.3,22.2,16.8,10.5,5.3,37.0383,137.8617,13
ä÷éR,0.2,0.3,3.1,10.2,16.4,17.3,24,23.7,19.2,14,7.2,1.5,36.9333,138.2217,10
ì°å¥,-2.5,-2.3,0.4,5.5,13.1,15.3,21.8,21.4,16.3,11.5,4.1,-1,36.8633,139.0583,7
Ç›Ç»Ç©Ç›,-1.1,-0.7,1.9,7.6,14.8,16.6,22.9,22.2,17.6,12.6,5.6,0.2,36.8,138.9917,9
ëêí√,-4.2,-4,-1.3,5.9,12.8,13.8,20.2,19.2,14.7,9.6,3.6,-2.7,36.6167,138.5917,4
íÜîVè,0.3,1.3,3.9,10.4,16.9,18.9,24.9,23.7,19.4,13.6,6.6,1.7,36.5867,138.85,10
ìcë„,-4.5,-4.1,-1.4,5.7,12.5,13.8,20.3,19.5,14.4,9.2,3.2,-3,36.4633,138.4633,4
è„ó¢å©,2.7,3.7,6,12.8,18.6,21.1,26.1,25,21.2,15.2,8.9,3.7,36.3767,138.895,13
ëOã¥,4,4.7,7.2,13.8,19.8,21.9,27.3,25.8,22.5,16.2,10.4,5.3,36.405,139.06,15
ãÀê∂,3.7,4.8,7.3,13.9,19.6,22,27,25.6,22.2,16,9.8,4.6,36.3833,139.345,15
äŸó—,4.5,5.7,7.9,14.5,20.4,22.7,28.1,26.6,23.1,16.7,10.5,5.2,36.2333,139.5317,15
à…ê®çË,4.2,5.2,7.7,14.2,20,22.4,27.7,26.3,22.8,16.5,10.4,5.2,36.3317,139.165,15
ê_ó¨,1.1,2.4,4.2,10.8,16.8,18.8,24.2,23.3,19.1,13.6,6.3,1.4,36.1083,138.8967,10
êºñÏñq,1.4,2.5,4.4,11.2,17.1,19.5,25,23.8,19.6,13.8,7.1,2,36.245,138.7067,10
è¿ìc,-0.6,0.5,3.6,10.2,16.8,18.9,24.8,23.8,19.3,13.7,6.3,0.9,36.6533,139.06,10
ëÂêÚ,0,0.6,3.1,10,16,17.8,23.7,23.7,18.6,12.9,6.8,1.1,35.8617,138.3867,9
îBçË,1.8,3.4,5.9,12.2,18.1,20.3,25.4,25.3,20.6,14.9,8.1,2.7,35.6933,138.4483,12
çbï{,3.2,4.9,7.4,14,19.8,22,27.4,27.3,22.6,16.5,9.8,4.3,35.6667,138.5533,15
å√ä÷,0.2,1.9,4.4,11.4,16.9,19,24.7,24.6,19.6,14,7.3,1.5,35.5283,138.615,10
êÿêŒ,1.8,3.5,6.2,12.9,18.4,20.6,26.2,26,21.3,15.6,8.5,2.9,35.4667,138.4417,12
ìÏïî,3.9,5.2,7.2,13.6,19,21.3,26.5,26.4,22.2,17,10.6,4.8,35.2883,138.445,15
ïxéméR,-19.5,-18.5,-17.2,-9.9,-2.6,-0.5,6.4,7.1,2.4,-0.1,-9.9,-16.6,35.36,138.7267,1
éRíÜ,-2.1,-0.5,1,8.3,14.1,16,21.9,21.8,16.9,11.6,5.5,-1,35.4367,138.8367,7
âÕå˚åŒ,-0.5,1.1,2.5,9.8,15.4,17.2,23.1,22.7,18.1,12.6,7,0.9,35.5,138.76,9
ëÂåé,1.6,3.7,5,12.4,18,20,25.6,24.7,20.3,14.5,8.5,2.8,35.6083,138.9383,12
èüè¿,2.1,3.8,6.2,13.1,19.1,21.2,26.7,26.4,21.5,15.5,8.7,3.4,35.6633,138.725,13
â°ïl,6.8,7.5,8.9,14.9,20,22,27.1,26.6,23.2,17.3,13,7.7,35.4383,139.6517,16
í“ì∞,6.6,7.5,8.8,14.6,19.6,21.7,26.4,26.6,23.3,17.7,13.2,7.3,35.32,139.45,16
éOâY,7,7.7,8.8,14.2,19.1,21.2,26,26.1,22.9,17.5,13.7,8.1,35.1783,139.63,16
äCòVñº,5.1,6.3,7.7,14.3,19.6,21.8,27,26.5,22.6,16.9,11.8,5.9,35.4333,139.3867,15
è¨ìcå¥,5.2,6.4,7.7,14.1,19.1,21.2,26.6,26.1,22.3,17,12.1,6.1,35.2767,139.155,15
ñÏëÚâ∑êÚ,-2.1,-2,0.9,6.9,14.5,16.1,22.5,22.3,17.4,12,4.3,-1.2,36.9117,138.4417,7
î—éR,-1.3,-0.8,2.3,9.5,16.3,18.1,24.7,24.5,19.3,14,5.9,-0.6,36.875,138.375,9
êMîZí¨,-2.7,-2.7,0.7,7.8,14.2,15.5,22.4,22.2,17.2,12.1,4.6,-1.5,36.8083,138.1983,7
í∑ñÏ,-0.5,0.2,3.7,10.8,17.4,18.8,25.1,24.9,19.8,14.3,6.8,1,36.6617,138.1917,10
îíîn,-2.8,-3,0.8,7.4,14.6,15.7,22.2,22.1,16.7,11.8,4,-1.5,36.6983,137.8617,7
ëÂí¨,-2.7,-2.6,1.1,7.8,15,16.3,22.4,22.3,16.8,11.6,4.6,-0.9,36.5233,137.8333,7
êMèBêVí¨,-1.3,-0.8,2.5,9.3,16.1,17.5,24,23.6,18.2,12.7,5.4,-0.1,36.5483,137.9967,9
êõïΩ,-6.6,-6.1,-3.2,4.1,11.5,12.7,19.6,19.1,13.7,8.7,2,-5,36.5317,138.325,3
è„ìc,-0.4,0.8,3.7,10.9,17.3,18.9,24.8,24.4,19.6,13.5,6.5,0.9,36.4,138.265,10
ìåå‰,-2.9,-2,0.7,8,14.6,15.8,22.1,21.5,16.5,10.7,5,-1.2,36.3833,138.3833,7
åyà‰ëÚ,-3.6,-2.5,0.1,7.3,13.5,15,21.3,20.4,15.6,10.1,3.9,-1.8,36.3417,138.5467,4
ç≤ãv,-1.6,-0.2,2.5,9.8,16.5,18.2,24.3,23.6,18.6,12.5,5.6,-0.3,36.2467,138.4767,9
óßâ»,-2.3,-0.7,2,9.2,15.8,17.5,23.6,23,17.8,12.1,5.4,-0.7,36.2717,138.3133,9
ï‰çÇ,-1.2,0,3.1,10.2,17.2,18.6,24.6,24.2,18.8,12.9,6.2,0.6,36.3433,137.8817,9
èºñ{,-0.2,0.8,3.6,10.8,17.7,19.1,25.2,25,19.5,13.2,7.3,1.6,36.245,137.97,10
ìﬁêÏ,-3.8,-3.1,-0.3,6.3,13.3,14.7,20.9,21,15,10,3.4,-2.2,36.0883,137.6833,4
ñÿë]ïΩëÚ,-2.2,-1.3,1.5,8.3,15.5,16.9,23.1,22.8,16.9,11.2,5.1,-0.5,35.9833,137.835,7
íCñÏ,-0.9,0,2.9,9.4,16.6,18.3,24.4,24.1,18.5,12.7,5.9,0.5,35.9817,137.9833,9
êzñK,-0.8,-0.1,3.1,9.6,16.7,18.4,24.4,24.1,18.8,13,6.3,0.7,36.045,138.1083,9
ñÏï”éR,-5,-4.4,-1.5,5.9,12.4,13.6,20.1,20,14.4,9.3,3.5,-3.4,35.9483,138.4717,4
å¥ë∫,-2.9,-2,0.9,7.8,14.7,16.3,22.5,22.1,16.7,11.1,4.5,-1.3,35.97,138.22,7
äJìcçÇå¥,-5,-4.7,-1.5,5.2,12.2,13.9,20.3,20,14.2,9.6,2,-3.6,35.9383,137.6017,4
ìÏñÿë],-0.8,0.1,3.3,9.8,15.9,17.8,23.4,23.3,18.3,13.6,5.8,0.2,35.61,137.62,9
î—ìc,1.1,2.1,4.8,11.3,17.8,19.8,25.6,25.4,20.2,14.5,7.6,2.1,35.5233,137.8217,12
òQçá,-2.3,-1.3,1.1,7.6,13.8,15.4,21.3,21.2,16.1,11.6,4.6,-1.2,35.3733,137.6917,7
ìÏêMîZ,1,2.4,5,11.5,17.9,19.7,25.7,25.5,20.1,14.8,7.5,2,35.3217,137.9317,12
î—ìá,-0.8,0.2,2.9,9.3,15.8,17.7,23.4,23.3,18.1,12.8,6,0.5,35.6533,137.8983,9
ñÿë]ïüìá,-1.3,-0.4,2.5,8.9,15.6,17.5,23.4,23.2,18,12.8,5.3,0,35.84,137.6883,9
à…ìﬂ,0.1,1.1,3.8,10.3,17.2,19.1,24.9,24.6,19.2,13.6,6.6,1.1,35.8267,137.955,10
èºñ{ç°à‰,-1.1,-0.1,2.6,9.9,16.7,18.2,24.3,24.1,18.5,12.7,6.4,0.6,36.1667,137.9217,9
å‰ìaèÍ,3,3.8,5,11.4,16.7,18.8,24.1,24.2,20.1,14.9,10,3.6,35.305,138.9267,11
ïxém,6.2,7.2,8.6,14.4,19.4,21.8,26.7,27.1,23.4,18.2,12.8,7,35.185,138.6633,16
ñ‘ë„,7.5,7.8,8.7,14.6,19.4,21,26.6,26,22.7,17.9,13.8,8.2,35.045,139.0917,16
éOìá,6.2,7.1,8.5,14.7,19.8,22.1,27.3,27.5,23.4,18.1,13.1,6.7,35.1133,138.925,16
àÓéÊ,7.5,8.1,8.8,14.6,19.1,21,26.2,26.2,23.1,18.2,14.1,8.4,34.7817,139.0483,16
èºçË,7.3,7.9,9,14.8,19.2,21.3,26.7,27.3,23.6,18.9,13.8,8.1,34.755,138.7833,16
êŒòLçË,8.5,8.9,9.7,14.5,18.8,20.7,25.5,26.2,23.7,19.2,15,9.5,34.6033,138.8417,16
å‰ëOçË,6.8,7.3,9.4,14.7,19,21,26.1,27.1,24.2,19.6,13.9,7.7,34.6033,138.2117,16
î÷ìc,6,6.7,8.9,14.5,19.3,21.3,26.8,27.4,23.7,18.6,12.8,6.7,34.6917,137.88,16
ïlèº,6.2,6.8,9.3,15,20,21.9,27.6,28.1,24.1,19.1,13.3,7.1,34.7083,137.7183,17
ìVó≥,5.7,6.3,8.4,13.8,18.9,21.2,26.6,27,23.1,18.3,11.9,6.3,34.89,137.8133,14
ç≤ãvä‘,2.5,3.4,6,12.3,18.2,20.3,26,26.2,21.3,16.5,9,3.2,35.0567,137.7617,13
êÏç™ñ{í¨,2.8,3.9,5.8,12.2,18.1,19.9,25.7,25.4,21,16.7,9.1,3,35.1017,138.1283,12
ê√â™,7.2,7.8,9.3,15.2,20,22,27.5,27.8,24.1,19.1,13.9,7.7,34.975,138.4033,17
ê¥êÖ,7.2,7.9,9.2,14.9,19.6,21.8,27,27.5,23.9,18.9,13.7,7.7,35.0533,138.5217,16
ê√â™ãÛç`,5.9,6.7,8.4,14.2,19,20.9,26.5,26.8,22.9,18.1,12.7,6.4,34.795,138.1883,16
ãeêÏñqîVå¥,4.7,5.4,7.5,13.4,18.2,20.2,25.7,26.1,22.3,17.4,11.5,5.3,34.785,138.1383,15
ãõí√,2.8,3,5.8,12.4,17.7,18.7,25.8,25.6,20.8,15.7,9.3,3.8,36.8217,137.4283,12
è„és,0.3,0.5,3.2,10.8,16.4,17.5,24.4,24.1,19.2,14,7.3,1.5,36.67,137.4233,10
ïxéR,3.3,3.6,6.6,13.4,18.7,19.8,26.8,26.7,22,16.6,10.1,4.4,36.7083,137.2017,13
èHÉñìá,2.8,3.2,6.3,13.3,18.8,19.9,26.6,26.5,21.7,16.3,9.9,4.2,36.6483,137.1867,13
î™îˆ,2.3,2.3,5.4,12.4,17.8,19.1,25.7,25,20.3,15.1,9,3.1,36.5783,137.1317,12
ìÏìvçÇã{,2.3,2.2,5.4,12.3,18.1,19.3,26.1,25.7,20.7,15.6,9.1,3.5,36.545,136.8717,12
ìvîg,2.3,2.5,5.6,12.4,18,19.2,25.9,25.8,21,15.7,9.3,3.7,36.61,136.955,12
ïXå©,2.4,2.7,5.3,11.4,17,18.3,25.6,25.7,20.8,15.9,8.7,3.7,36.8633,136.96,12
ïöñÿ,3,3.2,6.3,12.6,18,19.2,26.4,26.7,21.9,16.8,9.8,4.3,36.7917,137.055,13
âÕçá,-1.3,-1.5,1.7,7.6,15.3,17.1,23.6,23.6,17.6,13.2,5.2,-0.1,36.305,137.1,9
îíêÏ,-1.1,-1.3,1.7,8.3,15.4,17.2,23.5,23.5,17.8,13.2,5.5,0.1,36.2733,136.8967,9
ê_â™,-1,-1.1,2.7,9.3,16.2,17.7,24.2,24.1,18.3,13.4,6,0.6,36.3217,137.3083,9
ì»îˆ,-2.5,-2.2,1.1,7.5,14.6,16,22.2,22.3,16.7,11.8,4.3,-0.7,36.2483,137.5033,7
çÇéR,-1.2,-1.1,2.8,9.5,16.5,18.3,24.7,24.7,18.7,13.4,5.8,0.5,36.155,137.2533,9
ã{îVëO,-3.8,-3.7,-0.3,6.2,13.4,15.1,21.7,21.5,15.8,11,3.1,-2.3,36.015,137.3883,4
îãå¥,0.5,1,4.5,10.4,17.1,19.2,24.8,24.7,19.5,14.7,7.2,1.6,35.8883,137.2067,10
ã{ín,0,1,4.3,10.3,16.6,19,24.6,24.7,19.5,14.5,6.7,1.1,35.7633,137.2883,10
çïêÏ,0,0.7,3.3,9.9,16,18.1,23.8,23.9,19,14.2,6.8,1,35.5983,137.3183,10
íÜí√êÏ,1.3,1.9,4.9,11.6,17.9,20.1,25.6,25.5,20.8,15.6,7.8,2.1,35.4767,137.4867,12
åbìﬂ,1.3,2,5,11.7,17.8,19.9,25.5,25.5,20.6,15.5,7.8,2.1,35.4467,137.4033,12
ëΩé°å©,3.3,4,7.1,13.8,19.4,21.6,27.4,27.3,22.6,17.3,10.1,4.1,35.3467,137.1083,13
ëÂä_,4.5,4.7,8,14.2,20,21.9,27.8,27.7,23.1,17.8,11.1,5.5,35.3467,136.62,14
äÚïå,4.5,5,8.3,14.7,20.6,22.4,28.1,28.1,23.6,18.1,11.4,5.6,35.4,136.7617,14
î¸îZâ¡ñŒ,3.2,3.8,7.1,13.7,19.6,21.8,27.3,27.3,22.5,17.2,9.9,4.1,35.445,137.005,13
î¸îZ,3,3.6,6.7,13.2,19,21.1,26.5,26.6,21.9,16.9,9.8,4,35.5567,136.91,13
ä÷ÉPå¥,3,3.1,6.5,12.7,18.7,20.5,26.6,26.5,21.7,16.4,9.7,4.1,35.3633,136.4667,13
óKî„êÏ,3.8,4.2,7.4,13.8,19.9,22,27.4,27.4,22.6,17.5,10.4,4.9,35.485,136.5667,15
íMå©,1.2,1.4,4.8,11.3,17,19.1,24.6,24.6,19.6,15,7.8,2,35.6383,136.6033,10
í∑ëÍ,-0.2,0,3,9.6,16,17.9,23.7,23.6,18.4,14,6.2,0.6,35.925,136.8317,9
î™î¶,0.5,1.2,4.5,11,17.2,19.5,25.4,25.1,19.8,15,7.2,1.5,35.7567,136.9783,10
òZâX,-4.9,-4.7,-1.3,4.8,12.2,14.1,20.9,20.9,14.7,10.5,2.3,-3.7,36.06,137.0333,4
à§êº,4.2,4.6,7.9,14,19.9,21.8,27.5,27.6,22.8,17.3,10.7,5.2,35.2167,136.6983,15
ñºå√âÆ,4.8,5.2,8.4,14.7,20.5,22.4,28.1,28.1,23.6,17.9,11.5,5.7,35.1667,136.965,14
ÉZÉìÉgÉåÉA,6.3,6.1,8.8,14.2,19.5,21.4,27.3,27.9,23.5,18.4,13.1,7.6,34.8583,136.805,16
àÓïê,0.3,0.9,3.6,10.2,16.2,18,24.1,24.1,19.2,14.7,6.6,1.1,35.2117,137.5067,10
êVèÈ,4.3,5.1,7.4,13.4,18.6,20.7,26.5,26.7,22.3,17.4,10.9,4.8,34.9067,137.5167,15
ñLã¥,5.3,5.8,8.5,14.4,19.5,21.3,27.1,27.5,23.7,18.4,12,6.3,34.75,137.3417,14
à…ó«åŒ,6,6.2,8.8,14.6,19.7,21.5,27.5,28.1,23.9,18.7,12.6,7.3,34.6283,137.0933,14
äóåS,5.3,5.7,8.3,14.4,19.6,21.3,27.2,27.6,23.3,18.1,12.1,6.5,34.845,137.2167,14
â™çË,3.9,4.6,7.4,13.8,19.3,21.4,27.4,27.5,22.8,17.5,10.5,4.6,34.9183,137.1933,15
ìÏímëΩ,5.5,5.8,8.5,14.2,19.4,21.3,27.3,27.8,23.5,18.2,12.1,6.7,34.74,136.9383,14
éÏèF,3.3,3.4,5.3,11.2,16.7,18,25.4,25.5,20.8,15.9,9,3.9,37.4467,137.2867,11
ó÷ìá,3.8,3.6,6,11.8,17.4,18.4,26,25.9,21.2,16.2,9.6,4.4,37.3917,136.895,11
éOà‰,1.6,1.2,3.9,10.1,15.9,16.8,24.2,24.3,19.2,14.4,7.7,2.3,37.2933,136.9617,10
éuâÍ,4,3.7,5.8,11.6,17.2,18.9,25.9,26.6,21.5,16.2,10.3,5.2,37.1433,136.725,13
éµîˆ,2.9,3,5.3,11.7,17.2,18.5,25.7,25.7,20.9,15.8,9.3,4,37.03,136.9917,11
âHçÓ,3.9,3.8,6.3,12.4,17.8,19.3,26.2,26.7,21.9,16.5,10.2,5.1,36.8933,136.7767,13
Ç©ÇŸÇ≠,3.7,3.5,6.1,12.5,17.6,19.2,26.1,26.5,21.5,16.4,10.1,4.8,36.7117,136.6917,13
ã‡ëÚ,4.5,4.4,7.2,13.6,18.9,20.3,27.2,27.3,22.4,17.1,10.9,5.6,36.5883,136.6333,15
è¨èº,4.1,4.2,6.4,13.4,18.3,19.8,26.8,26.7,21.5,16.4,10.2,5.2,36.3817,136.435,13
éOçë,4.2,4,6.4,13.1,18,19.4,26.6,26.4,21.4,16.7,10.4,5,36.2433,136.1733,13
ètç],3.6,3.5,6.2,13.4,18.7,20.2,27.1,26.7,21.5,16.6,10.1,4.6,36.1417,136.2233,13
ïüà‰,3.7,3.6,6.7,13.7,19.1,20.7,27.5,27.3,21.9,16.8,10.1,4.6,36.055,136.2217,13
âzîU,5.8,5.5,7.8,14.3,18.9,20.2,27.3,26.9,22.3,17.6,12.4,6.9,36.0117,135.99,14
èüéR,1.5,1.2,4.5,12,17.8,19.5,25.9,25.7,20.4,15.6,8.3,2.2,36.0383,136.5217,12
ç°èØ,1.9,1.8,4.6,12,16.8,19,25.5,25,19.9,15.1,8.5,2.5,35.7667,136.2,12
ì÷âÍ,4.8,4.7,7.5,14.4,19.3,21.1,27.7,27.6,22.8,17.7,11.7,5.7,35.6533,136.0617,15
î¸ïl,4.5,4.2,6.7,13.6,18.5,20.4,27.3,27.1,22.4,17.3,11,5.4,35.6,135.9167,15
è¨ïl,4,3.7,6.7,13.7,18.6,20.4,27.3,26.8,21.9,17,10.6,5,35.4833,135.7817,13
ïƒå¥,2,2.2,5.4,12.1,17.8,19.4,25.8,25.5,20.6,15.6,8.9,3.1,35.3833,136.3433,12
í∑ïl,2.7,2.8,6.1,12.8,18.7,20.5,26.8,26.7,21.5,16.4,9.5,3.9,35.4233,136.2417,13
ç°í√,3,2.5,5.9,12.3,18.3,20.3,26.7,26.6,21.7,16.6,9.3,3.8,35.4117,136.0283,13
ïFç™,3.9,3.8,7,13.1,19,21,27.4,27.6,22.7,17.2,10.4,5,35.275,136.2433,15
ìåãﬂç],2.9,3.1,6.3,12.9,18.8,20.6,26.8,26.8,21.7,16.5,9.5,4,35.0617,136.19,13
ìyéR,2.3,2.5,5.6,12.1,17.9,19.5,25.8,25.7,20.8,15.8,9.2,3.4,34.9383,136.2783,12
êMäy,1.5,2,4.4,10.9,16.6,18.6,25,24.8,19.7,15.1,7.5,1.9,34.9133,136.08,10
ìÏè¨èº,3.6,3.4,6.6,12.6,18.5,20.5,26.7,27,22.2,17.1,10.1,4.8,35.235,135.9567,13
åKñº,4.5,4.9,8.2,14.2,19.9,21.8,27.6,27.9,23.2,17.5,11.2,5.6,35.05,136.6933,14
élì˙és,4.1,4.5,7.7,13.6,19,21,26.7,26.9,22.4,17.1,10.6,5.2,34.94,136.58,15
ãTéR,4.4,4.5,7.6,13.5,19.1,21,26.9,26.8,22.2,17.1,10.7,5.3,34.87,136.4533,15
è„ñÏ,3.6,3.9,6.6,13.1,19,20.8,27.1,27,21.9,16.6,9.7,4,34.7617,136.1417,13
í√,5.7,5.5,8.6,14.3,20,22.1,28,28.2,23.6,18.1,12,6.6,34.7333,136.5183,14
è¨ñì,5,5,8,13.9,19.5,21.5,27.4,27.5,22.9,17.6,10.9,5.6,34.5283,136.665,15
íπâH,5.2,5.3,7.9,13.8,18.7,20.8,26.9,27,22.6,17.6,11.2,6,34.4817,136.825,15
ìÏà…ê®,5.8,6.3,8.5,14.1,18.7,20.9,26.5,27.2,23.3,18.2,11.8,6.8,34.345,136.6817,14
ãIà…í∑ìá,6.3,6.7,8.9,14.3,18.9,21.1,26.2,26.9,23.2,18.3,12.1,6.9,34.2083,136.3267,16
îˆòh,6.6,7.3,9.2,14.8,19.3,21.4,26.4,27.2,23.4,18.5,12.8,7.2,34.07,136.1933,16
åFñÏêVé≠,7.1,7.5,9.4,15.4,19.7,21.6,26.6,27.6,23.7,19.3,13.3,7.7,33.9317,136.1383,16
äüå©,4.3,4.5,7.2,13.2,18.7,20.9,26.3,26.5,21.8,16.8,10.1,4.6,34.4483,136.39,13
êj,1.3,1.5,3.9,10.8,16.5,18.2,24.6,24.5,19.2,14.3,7.6,1.7,34.605,135.9533,10
å‹ûä,3.5,3.8,6.4,13.1,18.5,20.4,26.2,26.6,21.4,16.2,9.4,4,34.38,135.73,13
è„ñkéR,2.6,3.1,5.7,11.9,17.8,19.5,24.7,25.2,20.2,15.8,8.5,2.9,34.1367,136.005,12
ïóâÆ,3,3.5,6.1,12.3,18.3,20,25.1,25.7,20.8,16.3,9.3,3.6,34.045,135.7867,13
ëÂâFë…,2,2.2,4.8,11.7,17.3,19.1,25.3,25.2,19.9,14.9,8.1,2.5,34.4883,135.9317,12
Ç©Ç¬ÇÁÇ¨,4,4.3,6.8,13.4,18.6,20.4,26.3,26.8,21.6,16.3,9.9,4.4,34.31,135.5283,13
çÇñÏéR,-0.3,0.2,2.6,9.7,15.3,16.9,22.9,23.3,18.2,13.3,6.4,0.1,34.2217,135.59,9
óFÉPìá,7,6.8,8.8,14.5,18.9,20.8,26.4,27.7,23.6,18.4,13.3,7.8,34.28,135,16
òaâÃéR,6.5,6.9,9.1,15.7,20.5,22.6,28.4,29.1,24.2,18.6,12.8,7.1,34.2283,135.1633,17
ó¥ê_,2.2,2.8,5.2,11.8,17,19.2,24.3,25.4,20.2,16.3,8.7,2.7,33.945,135.5567,12
êÏï”,6.2,6.5,8.3,14.8,19.2,21.1,26.5,27.7,22.9,18.1,12.2,6.6,33.8933,135.2167,14
åIê≤êÏ,4,4.9,6.9,13.4,18,20.2,25.8,26.8,21.8,17.7,10.2,4.3,33.7917,135.5133,13
êVã{,7.8,8.4,10.2,16.3,20.3,22.2,27.3,28.2,24.6,19.9,14.1,8.3,33.6867,135.97,17
êºêÏ,4,5.1,7.1,13.3,18.3,20.3,25.7,26.4,21.7,17.7,10.2,4.1,33.6383,135.71,13
ìÏãIîíïl,7.2,7.6,9.4,15.6,19.7,21.5,26.9,28.1,24.1,19.2,13.4,7.5,33.6617,135.3633,17
í™ñ¶,8.3,8.8,10.3,16.1,19.9,21.6,26.6,27.6,24.4,19.8,14.3,8.5,33.45,135.7567,18
î\ê®,2.1,2.8,5.4,12.4,18,19.9,25.7,26,21,15.8,8.4,2.7,34.9483,135.455,12
ñLíÜ,5,5.3,8.4,15,20.7,22.5,28.6,29.1,23.9,18.2,11.6,6,34.7833,135.4383,14
ñáï˚,4.8,5.1,8.2,14.7,20.4,22.3,28.3,28.4,23.3,17.7,11.2,5.6,34.8083,135.6717,14
ê∂ãÓéR,1.1,1.2,3.9,11,16.2,17.7,23.7,23.6,18.9,13.6,7.9,1.6,34.675,135.6767,10
ëÂç„,6.2,6.3,9.2,15.7,21.1,22.7,28.8,29.2,24.4,18.4,12.6,7,34.6817,135.5183,17
ç‰,6,6.1,9,15.3,20.3,22.3,28.5,29.2,24.2,18.1,12,6.7,34.555,135.485,14
ä÷ãÛìá,7,6.8,9.1,15,19.9,21.9,27.7,28.6,24.3,18.8,13.5,7.9,34.4333,135.2317,17
åFéÊ,5.5,5.7,8,14.8,19.6,21.5,27.6,28,23,17.5,11.8,6.3,34.385,135.35,14
ä‘êl,5.7,5.4,7.7,14.1,18.5,20,26.7,26.7,22.3,17.7,11.9,6,35.7367,135.0867,15
ïëíﬂ,3.6,3.8,6.6,13.6,18.6,20.6,27.1,26.9,21.8,17,10.1,4.4,35.45,135.3167,13
ã{í√,4.3,4.2,6.6,13.6,18.1,20,26.8,26.7,21.7,17.1,10.5,5,35.55,135.235,13
î¸éR,1.4,1.6,4.4,11.3,16.7,18.7,25,24.9,19.8,15,7.8,2.3,35.275,135.55,10
âÄïî,1.9,2.8,5.3,12.5,18.4,20.4,26.3,26.4,21,15.9,8,2.8,35.1083,135.455,12
ïüíméR,3,3.7,6.4,13.7,18.8,20.8,27.3,27.1,21.7,16.7,9.3,3.8,35.3117,135.1133,13
ãûìs,4.8,5.1,8.2,14.8,20.9,22.5,28.4,28.7,23.7,18,11.2,5.6,35.015,135.7317,14
ãûìcï”,4.1,4.5,7.3,13.9,19.6,21.7,27.8,27.5,22.3,17.1,10.2,4.8,34.83,135.76,15
çÅèZ,4.7,4.4,6.7,13.6,18,19.5,26.3,26,21.4,16.8,10.6,4.9,35.625,134.6267,13
ñLâ™,3.5,3.4,6.4,13.8,18.6,20.6,27.4,27,21.5,16.8,9.8,4.3,35.535,134.8217,13
òaìcéR,2.2,2.8,5.7,13,18.3,20.1,26.5,26.1,20.6,15.8,8.9,3.1,35.3233,134.8483,12
ìeòañÏçÇå¥,0.9,0.8,3.1,10.8,16.3,17.5,24,23.4,18.4,13.8,7.8,1.4,35.4317,134.5833,10
ê∂ñÏ,1.6,2.1,5,12.3,17.8,19.6,26.1,25.8,20.4,15.3,8.7,2.7,35.1667,134.7917,12
îêå¥,2.7,3.5,6.1,13.6,18.9,20.6,26.9,26.7,21.5,16.4,9.4,3.8,35.1483,135.0467,13
êºòe,2.8,3.6,6.3,13.3,18.4,20.6,26.9,26.9,21.7,16.5,9.1,3.6,34.9983,134.9967,13
àÍã{,2.2,2.8,5.7,12.7,17.8,20,25.7,25.8,20.6,16,8.5,3.1,35.0967,134.585,12
ïüçË,3.5,4.1,7,13.8,19,21.3,27.1,27.6,22.5,17.2,9.8,4.2,34.95,134.7483,13
ïPòH,4.4,4.9,7.6,14.3,19.3,21.5,27.5,28.2,22.9,17.4,10.5,5.1,34.8383,134.67,15
è„åS,3.3,4,6.6,13.5,18.4,20.9,26.9,27.1,21.4,16.4,9.1,3.7,34.8583,134.3733,13
ñæêŒ,5.4,5.6,7.9,13.9,18.8,21.3,27,28.2,23.5,17.9,11.8,6.4,34.6867,134.8767,14
éOñÿ,4,4.4,7.1,14.1,19.3,21.2,27.3,27.7,22.6,17.2,10.9,5.2,34.7767,135.0133,15
ê_åÀ,6.3,6.4,9.2,15.6,20.7,22.5,28.2,29.1,24.5,18.9,12.9,7.2,34.6967,135.2117,17
éOìc,2.3,3.2,5.7,12.8,18.3,20.4,26.6,26.6,21.3,16.1,8.8,3.1,34.895,135.2117,13
åSâ∆,5.9,5.9,7.8,14.4,19.1,21.5,27.7,28.3,23.2,17.9,12,6.7,34.4667,134.8483,14
ê_åÀãÛç`,6,5.9,8.7,14.5,19.3,21.4,26.9,28.3,24.1,18.6,12.6,7,34.6317,135.2233,14
ã´,5.3,5.4,7.7,14.6,19.5,21,27.8,27.6,22.4,18,11.6,5.8,35.5433,133.235,14
ïƒéq,4.6,5.2,7.6,14.6,19.6,20.9,28,27.6,22.2,17.6,11.5,5.5,35.4333,133.3383,15
ëqãg,4.5,4.7,7.1,13.9,18.5,20.1,26.7,26.2,21.1,16.7,11,5.1,35.4733,133.8383,15
âñí√,5.5,5.6,7.5,14,18.3,20.2,26.9,26.7,21.9,17.4,11.9,6.3,35.5233,133.5667,15
ê¬íJ,4.8,4.9,7,13.3,17.7,19.7,26.5,26.3,21.3,17,11,5.3,35.52,133.9967,15
åŒéR,5,5,7.3,14,18.5,20.2,27,26.8,21.9,17.4,11.5,5.4,35.53,134.165,15
íπéÊ,4.5,4.6,7.2,14.5,19.2,21.1,27.8,27.3,22,17.4,11.2,5,35.4867,134.2383,15
ä‚à‰,4,3.6,6.1,13,17.5,19.5,26.2,25.8,20.8,16.5,10.3,4.2,35.5583,134.36,13
íqì™,1.7,1.5,4.7,12.4,17.1,19.2,25.7,25.4,19.8,15.4,8.1,2.5,35.2633,134.24,12
íÉâÆ,0,0.3,2.7,11,16,17.5,24.3,23.8,17.8,13.6,6.6,0.5,35.1867,133.23,9
è„í∑ìc,0.4,0.8,2.7,10.7,15.2,17,24.1,23.6,18,13.9,6.9,1,35.2967,133.725,10
êÁâÆ,0.1,0.3,2.7,10.5,15.4,17,23.6,23.3,17.6,13.3,6.2,0.6,35.1033,133.435,9
ãvê¢,2.2,2.7,5.5,12.7,18.2,20,26.2,26.2,20.3,15.6,8.1,2.9,35.0683,133.7533,12
í√éR,2.3,3.1,6.1,13.2,18.4,20.5,26.3,26.6,20.8,16,8.3,3.2,35.0633,134.0083,12
ç°â™,1.3,1.9,5,12.2,17.5,19.6,25.4,25.5,20,15.2,7.8,2.2,35.0983,134.325,12
êVå©,1.2,1.7,4.5,12,17,18.7,25,24.8,19,14.3,7.2,1.6,34.9433,133.5183,10
ïüìn,2.6,3,5.8,12.7,17.8,20.1,26.3,26.3,20.5,15.8,8.2,3,34.8667,133.9033,12
ì˙âûéõ,3.1,3.5,6.5,13.4,18.4,20.4,26.1,26.4,21,16,9.2,3.6,34.7567,133.855,13
òaãC,3.1,3.7,6.3,13.2,18.2,20.5,26.9,27,21.3,16.3,8.7,3.5,34.815,134.1833,13
íéñæ,4.5,4.6,7,13.7,18.7,21.1,27.4,28,22.5,17.4,10.5,5,34.6817,134.2067,15
â™éR,4.8,5.2,8.1,14.9,20.1,22.2,28.1,28.7,23,17.5,10.4,5.1,34.66,133.9167,14
ã ñÏ,5.9,6,8.3,14.5,19.6,21.9,27.2,28.8,23.8,18.2,11.6,6.2,34.4867,133.95,14
ëqï~,4.7,5.1,7.8,14.6,19.9,22,27.9,28.2,22.6,17.3,10.4,5,34.59,133.7683,15
ä}â™,5,5.2,7.9,14.5,19.5,21.8,27.9,28.6,22.9,17.7,10.9,5.2,34.5017,133.495,14
çÇó¿,3.1,3.5,6.5,13.5,19,20.9,27,27.1,21.1,16.2,8.8,3.2,34.7917,133.61,13
êºãΩ,5,5,6.7,13.4,18.1,19.4,26.1,26.1,21.6,17.1,11.6,5.3,36.2033,133.3333,15
äCém,5.9,5.9,7.1,14,18.7,20,26.7,26.5,21.8,17.4,12.2,6.5,36.0967,133.0967,15
é≠ìá,5.1,5.3,7,13.9,18.5,20.2,26.8,26.6,21.3,17,11,5.5,35.52,133.0217,15
èºç],4.8,5.1,7.5,14.6,19.4,20.9,27.6,27.4,22.1,17.5,11.1,5.5,35.4567,133.065,15
î„êÏ,4.8,5.3,7.2,14.2,18.9,20.6,27.3,27,21.5,17.1,10.9,5.3,35.4133,132.89,15
èoâ_,5.1,5.4,7,14,18.2,20.1,26.9,26.6,21.1,16.6,11,5.7,35.3317,132.73,15
â°ìc,0.8,1,3.7,11.8,16.8,18.4,25.1,24.7,18.8,14.4,7.4,1.3,35.1733,133.1033,10
ä|çá,2.7,3.1,5.3,13.3,18.1,19.3,26.5,25.7,19.8,15.3,9,3.6,35.1983,132.8167,12
ëÂìc,5.5,5.7,7.6,14.5,18.9,20.4,27.4,27.1,21.6,17.2,11.6,5.9,35.19,132.4967,15
ê‘ñº,0.5,0.8,3.3,11.2,16.1,17.8,24.4,23.9,18.1,13.5,7,1,35.0017,132.7117,10
êÏñ{,3.2,3.6,5.7,13.4,17.9,19.6,26.3,25.9,20.2,15.7,9.2,3.7,34.9767,132.4917,13
êêï‰,0.8,1.3,3.9,11.6,16.6,18.2,24.9,24.5,18.5,13.9,6.9,1.5,34.8533,132.53,10
ïlìc,6.5,7,8.3,14.9,19.1,20.6,27.4,27.3,21.9,17.4,12.7,7.1,34.8967,132.07,16
ñÌâh,1.4,2.2,4,11.9,16.4,18,24.7,24.2,18.7,14.2,7.8,2,34.7767,132.1083,10
âvìc,6,6.7,8.2,15.1,19.6,21.3,28.4,27.9,22.4,17.9,12.4,6.5,34.6767,131.8433,14
çÇí√,5.7,6.1,7.7,14.3,18.5,20.1,27,26.6,21.5,17.2,11.8,6,34.675,131.79,15
í√òañÏ,3.1,4.2,6.1,14,19.1,20.8,27.2,26.6,21,16.2,9.5,3.4,34.4617,131.77,13
ãgâÍ,2.3,3.1,5.2,12.8,17.4,19.3,25.7,25.2,19.6,15.4,8.5,2.4,34.3917,131.8933,12
çÇñÏ,-0.1,0.1,2.3,10.3,15.4,17.1,23.9,23.4,17.5,13.2,6,0,35.0333,132.9017,9
èØå¥,1.1,1.6,4.8,12.2,17.4,19.2,25.6,25.3,19.3,14.7,7.2,1.6,34.86,133.0233,12
éOéü,1.8,2.5,5.4,12.7,18,20,26.5,26.1,20.1,15.5,8.1,2.4,34.8117,132.85,12
ñ˚ñÿ,0,0.7,3,10.4,15.4,17.2,23.8,23.6,17.6,12.9,5.7,0,34.7633,133.2783,9
ïüéR,4.7,5.1,7.8,14.3,19.4,21.6,27.6,28.3,22.6,17.5,10.6,5.1,34.4467,133.2467,15
ê¢óÖ,1,2,4.4,11.8,17.1,19,25.2,25.3,19.3,14.5,7.1,1.5,34.5833,133.05,10
ñ{ãΩ,3.3,3.7,6.4,13.3,18,20,25.6,26,20.9,15.8,9.5,3.4,34.435,132.9183,13
í|å¥,5.9,5.9,8.1,13.5,17.7,20,25,27.1,22.6,17.6,11.5,6.3,34.33,132.9817,15
ê∂å˚ìá,6.4,6.3,8.3,14.3,18.9,21.1,26.6,28.4,23.4,18.1,12,6.8,34.2783,133.1233,14
å‡ésäóä†,6.9,7,9.1,14.6,18.7,21.2,26.2,27.4,23.2,18.3,13,7.4,34.165,132.7483,16
å‡,6.2,6.6,9,15.2,19.9,22,27.6,28.3,23.4,18.7,12.5,6.7,34.24,132.55,14
ëÂí|,5.5,6.1,8.6,15.3,20.2,22.3,28.1,28.7,23.4,18.5,12,5.7,34.2217,132.22,14
ì˘ì˙ésí√ìc,1.3,2.4,4.9,12.4,17.3,19.5,25.8,25.7,19.9,15.3,8,1.7,34.365,132.19,12
çLìá,5.5,6.1,8.8,15.6,20.6,22.5,28.4,29,23.4,18.4,11.9,5.8,34.3983,132.4617,14
éOì¸,3.1,3.9,6.8,13.8,18.8,20.8,26.9,27,21.3,16.6,9.6,3.5,34.545,132.53,13
â¡åv,2,2.6,5.4,12.8,18.1,19.9,26.1,25.8,19.8,15.4,8.6,2.1,34.61,132.32,12
ëÂí©,0.7,1,3.8,11.5,16.5,18.2,24.8,24.4,18.4,14,7,1.3,34.7683,132.4633,10
ê{ç≤,5.2,5.9,7,13.9,18.1,20,26.9,26.3,21,16.6,11.2,5.6,34.615,131.6233,15
îã,6.2,6.9,8.3,14.7,19.4,21.2,28,27.5,22.4,17.9,12.5,6.5,34.41,131.405,14
ñ˚íJ,6.2,6.8,8.5,15,19.4,21.1,27.9,27.6,22.5,18.1,12.5,6.2,34.37,131.055,14
ñLìc,3.7,4.6,6.8,13.4,18.3,20.4,26.8,26.4,21.1,16.8,9.8,3.8,35.1317,137.1767,13
èHãgë‰,3.4,4.3,6.8,13.4,17.9,19.7,25.6,25.7,20.5,16.1,9.6,3.4,34.235,131.3067,13
ñhï{,5.2,6,8.4,15,19.7,22.1,27.9,28.3,22.8,18.4,11.7,5.4,34.04,131.5333,14
âFïî,6,6.7,8.7,14.4,19.2,21.6,27.3,28.2,23.3,18.7,12.7,6.5,33.93,131.2783,14
â∫èº,5.6,6.2,8.4,15.1,19.5,21.9,27.6,28.2,22.7,18.2,12,5.8,34.0217,131.8733,14
ãËâœ,3.5,4.3,7,14,18.7,21.1,27,27.3,21.6,17.2,9.9,3.5,34.095,132.075,13
ä‚çë,4.6,5.2,7.5,14.5,19.4,21.3,27.5,27.7,22.1,17.4,10.8,4.7,34.155,132.1783,15
ñˆà‰,5,5.5,8,14.4,18.9,21.3,26.8,27.7,22.6,18.2,11.4,5,33.9583,132.1133,15
à¿â∫èØ,6.1,6.5,8.6,14.5,18.8,21,26.5,27.3,22.7,18.4,12.4,6,33.9033,132.2917,14
çLê£,2.8,3.6,6.4,13.4,18.5,20.7,26.7,26.7,20.8,16.4,9.2,2.9,34.2617,131.9517,13
ìøç≤,1.9,2.9,4.8,12.8,17.9,19.5,26.1,25.6,19.9,15.4,8.6,2.2,34.3983,131.725,12
ëΩìxí√,6.6,6.7,9,15.2,20.2,22.2,27.8,29,23.8,18.3,12.2,6.9,34.275,133.7517,17
ëÍã{,4.7,5,7.5,14.4,19.3,21.5,27.5,27.9,22,16.8,10.2,4.9,34.2367,133.9233,15
ç‡ìc,4.7,5,7.4,14.3,18.9,21.3,27.3,27.7,22.2,17,10.3,4.9,34.12,133.7717,15
à¯ìc,5.9,6,8,14.8,19.3,21.3,27.3,27.8,23.1,18.1,11.7,6.1,34.2133,134.4067,14
çÅìÏ,4.5,4.8,7.2,14.2,19,20.9,26.8,27.3,21.7,16.5,10.4,4.8,34.2133,134.015,15
ãûè„,1.5,2.4,4.5,11.5,16.4,18.5,23.9,24.2,18.7,14.4,7.6,1.6,33.8667,133.9033,10
ñÿì™,2.9,3.9,6.2,12.7,17.6,19.8,24.5,25.1,20.2,15.9,8.9,2.6,33.7717,134.205,12
äCóz,6,6.8,8.7,14.9,19.2,21.4,26.8,27.7,23.4,18.9,12.5,6.5,33.6117,134.355,14
ì˙òaç≤,7.2,7.7,9.6,15.3,19.6,21.9,26.9,28,24.1,19.2,13.2,7.6,33.7317,134.5383,17
äóê∂ìc,7.1,7.3,9.1,15.1,19.2,21.2,26.8,28,23.9,18.9,13.3,7.7,33.8367,134.7417,16
ìøìá,6.6,6.8,9.2,15.5,20.4,22.5,27.9,28.9,24.1,18.6,12.4,6.9,34.0667,134.5733,17
åäêÅ,4.8,5,7.4,14.4,19.2,21.2,26.7,27.2,21.6,16.5,10.2,4.7,34.04,134.1567,15
ñ{êÏ,1.8,2.1,4.3,11.3,15.7,17.9,23.5,23.7,18.4,14.5,7.9,1.7,33.765,133.3383,10
ëÂì»,4.7,5.3,7.8,14.2,18.9,21.2,26.5,27.2,22.1,17.9,10.5,5,33.6983,133.875,15
é∫åÀñ¶,7.9,8.1,9.6,15.4,19.1,20.9,25.9,27,23.6,19,14,7.9,33.2517,134.1767,16
à¿å|,7.9,8.3,10.4,16.3,20,22.4,27.4,28.6,24.4,20,13.7,7.6,33.4883,133.9333,17
çÇím,7.1,7.5,10.2,16.3,20.4,22.9,27.8,28.9,24.2,19.6,12.9,6.8,33.5667,133.5483,17
å„ñ∆,6.5,6.9,9.7,15.8,19.8,22.2,27.2,28.3,23.7,19.4,12.4,6.3,33.59,133.6433,17
ê{çË,6.8,7,9.5,15.5,19.1,21.9,26.9,28,23.3,19,12.4,6.4,33.385,133.2767,17
åEêÏ,4.4,4.6,7.5,14.3,18,20.7,26,26.7,21.7,17.6,10.4,3.9,33.2067,133.1283,15
ç≤âÍ,6.9,7.1,9.8,16.1,19.3,21.9,27.3,28.3,23.6,19.3,12.5,6.3,33.0783,133.1017,17
ç]êÏçË,4.9,5.3,8.1,14.7,18.9,21.5,27.2,27.7,22.5,18.2,11,4.6,33.17,132.7917,15
ìéå¥,2.8,2.9,5.5,12.4,16.8,19.1,24.6,24.7,19.7,16,8.7,2.4,33.39,132.9217,12
íÜë∫,5.7,6.6,9.1,15.5,19.4,21.9,27.3,28.2,23.2,19,11.8,5.5,32.99,132.92,14
èhñ—,7.8,8.5,10.4,16.4,19.6,22.2,27.6,28.3,24,20,13.6,7.6,32.92,132.695,17
ëÂéOìá,5.3,5.3,7.5,13.6,18.1,20.3,26.1,27.1,21.9,16.9,10.8,5.7,34.25,133.0067,15
ç°é°,6,6.2,8.3,14.7,19.5,21.4,27.4,28.1,22.9,17.7,11.5,6.3,34.0767,132.99,14
êVãèïl,5.6,5.8,8.2,14.7,19.7,21.6,27.5,27.9,22.5,17.3,11.3,5.9,33.96,133.2817,14
élçëíÜâõ,6,6.4,8.5,15.2,20,22,27.9,28.6,22.9,17.7,11.9,6.5,33.9817,133.5817,14
êºè,6,6.1,8.2,14.8,20,21.9,27.9,28.3,22.9,17.8,11.6,6.1,33.915,133.08,14
ãvñú,1.8,2.1,4.4,11.8,16.7,19.1,25.2,25,19.6,15.2,7.8,1.5,33.6633,132.895,12
èºéR,6.6,7,9.2,15.7,20.2,22.5,28.5,28.8,23.7,18.8,12.7,6.8,33.8433,132.7767,17
èºéRìÏãgìc,7,7.3,9.2,15,19.1,21.4,26.8,27.7,23.6,18.9,13.1,7.3,33.8267,132.6983,16
ëÂèF,5.6,5.8,8,14.9,19.2,22,28,28,22.6,18.2,11.2,5.4,33.5083,132.535,14
ê£åÀ,7.4,7.3,8.9,14.6,18.5,20.6,26.2,26.6,22.4,18.4,13.6,7.5,33.4467,132.2567,16
ãﬂâi,4.8,5.1,7.6,14.4,18.7,21,26.9,27.1,22,17.8,10.8,4.6,33.2533,132.675,15
âFòaìá,7.4,7.6,9.7,16.1,19.8,22.2,28.2,28.4,23.7,19.5,13.2,7.3,33.2267,132.5517,17
âFòa,4.6,5.1,7.1,14.3,18.5,21.1,26.8,26.9,21.9,17.6,10.6,4.3,33.3667,132.5033,15
å‰ëë,7.5,8.2,9.8,16.1,19.6,22,27.4,28.2,23.5,19.6,13.4,7.4,32.9633,132.57,17
ãÛç`ñkí¨,7.1,7.4,9.3,14.7,19.6,22,27.8,28.6,23.8,19.3,13.5,7.4,33.845,131.035,17
çsã¥,5.7,6.4,8.5,15,20,22.1,28.1,28.1,22.9,18.5,11.6,5.8,33.7117,130.975,14
î—íÀ,5.7,6.5,8.6,15.4,20.1,22.2,28.4,28,22.7,18.2,11.6,5.7,33.6517,130.6933,14
ìYìc,5.1,5.8,8,15,19.4,21.6,27.5,27,22,17.6,10.8,5,33.56,130.8533,15
ïüâ™,7.4,8.3,10.5,16.5,21,23.1,29.4,29.5,24.3,19.8,13.6,7.4,33.5817,130.375,17
ëOå¥,6.8,7.5,9.6,15.7,20.1,22.3,28.9,28.8,23.4,19.2,12.8,7,33.56,130.1917,17
í©ëq,5,5.9,8.5,15.4,19.9,22.7,28.2,28,22.7,18.5,11.3,4.8,33.405,130.695,14
çïñÿ,4.5,5,7.8,14.9,19,21.8,27.4,27.3,22,17.9,10.5,3.9,33.2233,130.6467,15
ãvóØïƒ,6.2,6.8,9.7,16.3,20.9,23.7,28.9,29.1,23.8,19.5,12.5,5.9,33.3017,130.4917,17
ëÂñ¥ìc,5.8,6.5,8.9,15.9,19.9,22.6,28,28.4,23,18.9,11.8,5.6,33.0067,130.4667,14
ëæç…ï{,5.8,6.7,9.2,15.8,20.3,22.8,28.6,28.7,23.4,19,12,5.7,33.5133,130.5,14
ñLå„çÇìc,5.7,6.3,8.4,14.6,19.4,21.9,27.9,27.8,22.7,18.3,11.9,5.9,33.57,131.4333,14
çëå©,6.6,6.9,8.8,14.9,19.6,21.9,28,28,23,18.8,12.5,6.6,33.675,131.59,14
íÜí√,5.9,6.5,8.6,15,19.7,22,28.2,28.1,23.1,18.5,12,6.1,33.5867,131.245,14
ì˙ìc,4.6,5.4,8.1,15.5,20.1,22.9,28.2,28.1,22.8,18.3,10.8,4.2,33.3217,130.9283,14
ãËéÏ,2.5,3.2,5.7,13.3,17.7,20.3,26,25.8,20.5,16.2,8.5,2.2,33.2917,131.155,12
ìíïzâ@,2.4,3.3,5.4,12.7,17.4,19.6,25.4,25,19.8,15.8,8.4,2.2,33.2533,131.3467,12
ãníz,5.8,6.2,8.4,14.7,19,21.8,27.4,27.8,22.9,18.5,11.5,5.8,33.4167,131.5967,14
â@ì‡,4.4,5.2,7.2,14.4,19.2,21.5,27.4,26.9,21.7,17.4,10.1,4.5,33.42,131.3167,15
ëÂï™,7,7.5,9.4,15.7,20.2,22.5,28.3,28.7,23.5,19.2,12.7,7.1,33.235,131.6183,17
ç≤îå,6.8,7.2,9.2,15.6,19.4,22,27.6,28,23.1,19.1,12.5,6.5,32.95,131.9017,17
äóç],8.2,8.8,10.5,16.4,19.6,22,26.9,28.1,24,19.9,14,7.9,32.795,131.9233,17
âFñ⁄,4.2,4.8,7.2,14.1,17.9,20.5,26.3,26.4,21.3,17.1,10.2,3.7,32.845,131.675,13
í|ìc,4.1,4.9,6.9,14.5,18.9,21,26.7,26.6,21.3,17,10,3.7,32.9733,131.3983,13
å¢éî,5.1,5.8,7.9,15,19.2,21.6,27.4,27.1,21.9,17.7,10.7,4.7,33.065,131.6317,15
å√ç],7.6,8.1,10,15.9,19,21.8,26.9,27.8,23.5,19.4,13.4,7.4,32.7117,131.82,17
çÇêÁï‰,3.9,4.4,6.7,13.8,17.8,20.1,25.8,25.9,20.7,16.9,9.7,3.4,32.7117,131.29,13
à∆â™,2,2.7,5.2,12.3,16.4,18.8,24.2,23.9,19.4,15.6,8.3,1.7,32.6433,131.1567,12
âÑâ™,7.2,7.7,9.8,16.2,19.6,22,27.4,28.3,23.3,19.4,12.9,6.6,32.5817,131.6567,17
ì˙å¸,7,7.5,9.6,16.1,19.3,21.7,27.3,27.9,23.2,19,12.8,6.4,32.4083,131.6,17
ê_ñÂ,4.1,4.9,7.6,14.3,18.1,20.8,26.1,26.5,21.3,17.5,10.2,3.3,32.385,131.3317,13
êºïƒó«,4.8,5.4,8,14.4,18.4,20.9,26.2,26.5,21.7,18.1,10.6,4.2,32.23,131.1517,15
êºìs,6.9,7.5,10,16.5,19.5,21.9,27.6,28.2,23.5,19.7,13,6.3,32.0617,131.4133,17
ã{çË,8.1,8.7,10.6,17.3,20.5,22.6,28.5,29,24.2,20.4,14,7.6,31.9383,131.4133,18
ñ˚í√,9,9.6,11.4,17.5,20.5,22.4,28,28.8,24.8,21.3,15,8.7,31.5783,131.4067,18
ã¯ä‘,8.1,8.3,10.6,17,20.1,22.3,27.7,28.5,24.8,21,14,7.7,31.465,131.22,18
ìsèÈ,6.4,7,9.5,16.2,20.1,22.3,27.5,28.1,23.6,19.7,12.7,5.8,31.73,131.08,17
è¨ó—,6.4,6.6,8.9,15.6,19.6,21.6,27,27.5,23,19.1,12.4,5.8,32,130.955,14
â¡ãvì°,5.3,5.7,8.4,15.1,19.1,21.6,26.8,27.1,22.7,19.1,11.5,4.8,32.0467,130.81,14
ñºê£,15.4,14.7,16.4,20.3,22.2,25.4,29.2,29.6,27.5,25.4,20.3,15.6,28.3783,129.495,19
âÆãvìá,12.3,12,13.4,18,20.4,23.1,27.6,28.4,25.7,23.3,17.5,12,30.385,130.6583,18
éÌéqìá,12,12,13.2,18.1,20.5,23.2,28.3,28.7,26,23.1,17.4,11.7,30.72,130.9817,18
ì‡îVâY,8.4,8.8,10.7,16.9,19.6,21.9,27.2,27.7,23.9,20.9,14,8.1,31.2767,131.055,18
éuïzéu,7.6,8,10.1,16.6,19.5,21.8,27.1,27.5,23.6,19.9,13.3,6.9,31.4783,131.095,17
é≠âÆ,7.6,7.9,10.4,16.5,19.9,22.2,27.8,28.2,24.3,20.7,13.6,7.1,31.39,130.8633,17
éwèh,9,9.3,11.3,16.8,20.2,22.7,28.6,28.9,25,21.6,15,8.7,31.2483,130.6367,18
ñççË,9.3,9.6,11.4,17.2,19.9,22.5,28.3,28.7,25,21.7,15,8.6,31.2717,130.2933,18
äÏì¸,8.5,8.9,11,17,20.1,22.5,28.7,29,24.9,21.7,14.5,8.3,31.3867,130.54,18
â¡ê¢ìc,8.5,8.9,11,17,20,22.8,28.6,28.9,24.7,21.3,14.4,8,31.415,130.325,18
é≠éôìá,9,9.2,11.6,17.5,21.1,23.3,29.2,29.7,25.7,22.4,15.3,8.7,31.5533,130.5467,18
ìåésóà,8,8.1,10.5,16.4,19.5,22.1,28,28.4,24.5,21.1,14.2,7.7,31.6683,130.3267,18
ëÂå˚,4.8,5.1,8,14.9,18.6,21.4,27.1,27.1,22.8,19.2,11.1,4.3,32.0467,130.6267,15
à¢ãvç™,8.4,8.7,10.5,16.5,19.3,22,27.8,28,23.8,20.3,14.1,8,32.0267,130.2,18
ñqîVå¥,5.5,5.8,7.8,14.2,17.9,20.1,25.6,25.8,21.9,18.2,11.8,5.1,31.6617,130.8433,15
ãPñk,5.8,6.2,8,14.5,18.3,20.3,25.9,26.1,22,18.2,11.7,5.3,31.5883,130.855,15
é≠ñk,3.9,4.5,7.2,14.7,18.7,21.5,27.1,27.1,21.9,17.9,9.9,3.2,33.115,130.6917,15
ìÏè¨çë,2.1,2.9,5.4,12.9,17.4,19.9,25.3,25.3,20,15.7,8.1,1.7,33.1033,131.0667,12
à¢ëhâ≥ïP,2.1,2.9,5.4,12.8,17,19.5,25,24.9,19.8,15.7,8.1,1.6,32.94,131.04,12
à¢ëhéR,-1.4,-0.4,2.1,9.5,13.9,16.3,21.1,21.4,17.2,13.1,6.5,0.2,32.88,131.0733,8
çÇêX,2.4,3.1,5.6,12.8,17,19.4,24.9,24.9,20.1,16.2,9.1,1.9,32.8217,131.125,12
åFñ{,6.2,6.9,9.8,16.5,20.7,23.3,28.5,29.1,24,19.9,12.4,5.9,32.8133,130.7067,17
ãeír,4.7,5.4,8.4,15.6,19.9,22.6,28.1,28.4,23.1,19.1,11,4.2,32.9467,130.7817,14
èºìá,6.9,7.5,9.6,16,19.4,22.3,27.8,28.3,23.5,20.1,13.1,7,32.515,130.4467,17
î™ë„,6.7,7.4,9.6,16.3,20.1,22.7,28.2,28.4,23.4,19.6,12.8,6.6,32.4733,130.6067,17
ãçê[,9.1,9.4,11.2,16.9,20.1,22.6,28.1,28.9,24.7,21.3,15,8.8,32.1967,130.0267,18
êÖñì,7,7.5,9.5,16.1,19.6,22.1,28,28.1,23.4,19.8,13.1,6.7,32.205,130.4067,17
êlãg,4.8,5.5,8.4,15.2,19.1,21.8,27.3,27.6,22.8,19,10.8,4.3,32.2167,130.755,14
ìÇí√,6.8,7.4,9.5,15.6,19.6,21.8,28.1,27.9,23.1,19.3,12.7,6.8,33.4583,129.955,17
à…ñúó¢,5.9,6.5,8.7,15.5,19.3,21.9,28.1,28.1,22.6,18.6,11.7,5.8,33.2667,129.8783,14
äñÏ,5.1,5.6,8,15.1,19.2,21.7,27.5,27.5,22.1,18,10.7,4.8,33.1167,129.995,15
êÏïõ,5.5,6.2,8.9,15.3,19.5,22.4,27.8,28.2,22.8,18.7,11.4,5.2,33.1483,130.3017,14
î¸í√ìá,6.2,6.8,9.6,15.1,19.1,21.2,27,27.2,22.9,19,12.7,6,34.285,129.33,16
à∞ï”,6.6,6.9,9.3,14.6,18.5,20.7,26.5,26.8,22.5,18.7,12.7,6.3,33.8,129.7217,16
ïΩåÀ,7.6,7.8,9.9,15.3,18.8,21,26.8,27,22.9,19.4,13.5,7.6,33.36,129.55,16
èºâY,7.2,7.6,9.6,15.7,19.4,21.7,28.2,27.9,23,19.3,13,7.3,33.3417,129.7117,17
ç≤ê¢ï€,7.4,7.7,10.4,16.3,20,22.7,28.3,29,24.1,20.4,13.5,7.4,33.1583,129.7267,17
ëÂê£åÀ,7.9,8.2,10.2,15.6,18.6,21.1,26.7,27.1,22.7,19.2,13.6,7.9,32.9483,129.6333,16
í∑çË,7.5,8,10.3,16.4,19.8,22.6,28.3,28.7,24,20.3,13.6,7.6,32.7333,129.8667,17
ñÏïÍçË,7.5,7.7,9.4,14.9,18.2,20.7,26.2,26.7,22.4,19.1,13.4,7.4,32.5783,129.74,16
å˚îVí√,7.6,7.9,10.1,16.2,19.4,22,27.6,28.1,23.7,20.2,13.6,7.6,32.6117,130.1933,17
â_êÂäx,2.9,3,5.5,12.2,16.1,18.5,23.6,24,19.6,16,9.2,2.5,32.7367,130.2617,11
ìáå¥,7.2,7.9,10.1,16.4,20.2,22.8,28,28.9,23.6,19.8,13,7,32.7417,130.3733,17
ïüç],8.1,8.4,10.1,16.1,19.2,21.8,27.7,27.9,23.2,20.1,13.9,8,32.6933,128.8267,17
óLêÏ,8.3,8.6,10.4,16.2,19.4,21.9,28.3,28.1,23.7,20.5,14.4,8.7,32.9817,129.1183,18
âú,15.5,14.2,15.6,19,21.3,24.1,27.4,27.9,26.3,24.4,20,15.2,26.835,128.2717,19
ñºåÏ,17.6,16.4,17.7,21.1,23.6,26.4,29.6,30.2,28.7,26.7,22.2,17.3,26.5933,127.965,20
ìﬂîe,18.4,17.1,18.3,21.6,24.2,26.6,29.9,30.4,28.9,27,22.8,18,26.2067,127.685,20
éÖêî,16.6,15.2,16.4,19.7,22.2,24.8,27.8,28.6,27,25,20.9,16.1,26.1533,127.765,19
à¿éüó‰,18.7,17.4,18.5,21.7,24.3,26.7,29.8,30.4,29,27.2,23,18.3,26.195,127.645,20
ìnâ√ï~,16.8,15.4,16.5,19.6,22.2,24.7,27.5,28.2,26.8,25.1,21,16.3,26.21,127.3633,19
åcó«ä‘,18.6,17.2,18.3,21.2,23.8,26.1,29,29.7,28.4,26.8,22.8,18.4,26.1683,127.2933,20
èóñûï ,-7.8,-5.9,-2.2,5.5,11.8,13.4,20.8,18.6,15.3,8.2,1.7,-6,43.88,144.1633,6
ñ‰ï è¨å¸,-5.6,-4.4,-1.5,5.3,11.3,12,19.4,18.2,15.7,8.7,2.4,-3.6,44.3033,143.4033,3
ìåê_äy,-9.2,-6.4,-2.7,5.3,12.9,14.4,21.5,19.3,14.3,7.3,1.2,-5.7,43.67,142.4467,6
çÇîã,4.1,5.2,6.4,12,17.1,19,23.5,24,21,15.8,10.7,5.4,36.7067,140.7167,11
îéëΩ,6.8,7.5,10,16.3,20.7,23,29,29.1,23.9,19.6,13.2,6.8,33.5833,130.4517,17
ê∫ñ‚,-5.9,-4.1,-1.5,4.6,9.8,11.8,18.4,18,14.9,8.6,1.7,-3.9,45.4033,141.8,3
ñ{îë,-4.4,-3.1,-0.5,5.2,10.5,12.1,18.8,18.7,16.1,9.5,2.2,-3.5,45.2417,141.1867,2
ç™é∫íÜïWí√,-8.4,-5.5,-2.9,3.8,10.1,12,19.3,16.9,14.6,8.2,2.3,-5.6,43.5767,144.96,3
ê¨ìc,4.2,5.5,7.1,13.6,18.6,20.8,26.1,25.4,22,16.6,11.2,5.5,35.7633,140.385,15
â∫ç»,3.4,5,7,13.3,19.1,21,26.3,25.2,21.8,16,9.6,4.4,36.1683,139.945,13
äÃïtëOìc,7.9,8.1,10.3,16.8,20.2,22.2,28,28.2,24,20.3,13.5,7.2,31.34,130.9383,17
çaï”,5.8,6.1,8.4,15.1,18.7,21,26.3,26.8,22.6,19.2,11.9,5.2,31.8033,130.7183,14
óºí√,3.2,3.5,6.1,11.4,17,18.2,25.7,26.3,22,16.7,9.9,4.4,38.0733,138.44,11
çXï ,-9.5,-6.7,-2.3,5.1,12.4,13.3,20.5,17.5,15.2,8.1,1.5,-6.5,42.6483,143.19,5
óNï ,-6.6,-5.2,-2.1,5,11.4,12.3,19.6,18.2,15.4,8.6,2,-4.6,44.2133,143.62,3
